ITTER107,Territorio,TIME,Value
IT,Italia,1999,537242
IT,Italia,2000,543039
IT,Italia,2001,535282
IT,Italia,2002,538198
IT,Italia,2003,544063
IT,Italia,2004,562599
IT,Italia,2005,554022
IT,Italia,2006,560010
IT,Italia,2007,563933
IT,Italia,2008,576659
IT,Italia,2009,568857
IT,Italia,2010,561944
IT,Italia,2011,546585
IT,Italia,2012,534186
IT,Italia,2013,514308
IT,Italia,2014,502596
IT,Italia,2015,485780
IT,Italia,2016,473438
IT,Italia,2017,458151
IT,Italia,2018,439747
IT,Italia,2019,420084
IT,Italia,2020,404892
IT,Italia,2021,400249
IT,Italia,2022,393333
ITC,Nord-ovest,1999,129025
ITC,Nord-ovest,2000,133620
ITC,Nord-ovest,2001,132412
ITC,Nord-ovest,2002,134948
ITC,Nord-ovest,2003,136616
ITC,Nord-ovest,2004,143502
ITC,Nord-ovest,2005,142849
ITC,Nord-ovest,2006,146403
ITC,Nord-ovest,2007,148242
ITC,Nord-ovest,2008,151969
ITC,Nord-ovest,2009,151552
ITC,Nord-ovest,2010,149437
ITC,Nord-ovest,2011,144537
ITC,Nord-ovest,2012,141625
ITC,Nord-ovest,2013,136115
ITC,Nord-ovest,2014,132744
ITC,Nord-ovest,2015,128199
ITC,Nord-ovest,2016,124183
ITC,Nord-ovest,2017,120195
ITC,Nord-ovest,2018,114712
ITC,Nord-ovest,2019,110677
ITC,Nord-ovest,2020,105870
ITC,Nord-ovest,2021,104918
ITC,Nord-ovest,2022,102717
ITC1,Piemonte,1999,34639
ITC1,Piemonte,2000,35874
ITC1,Piemonte,2001,34857
ITC1,Piemonte,2002,35716
ITC1,Piemonte,2003,36370
ITC1,Piemonte,2004,37413
ITC1,Piemonte,2005,37251
ITC1,Piemonte,2006,37851
ITC1,Piemonte,2007,38565
ITC1,Piemonte,2008,39551
ITC1,Piemonte,2009,39123
ITC1,Piemonte,2010,38385
ITC1,Piemonte,2011,37759
ITC1,Piemonte,2012,37067
ITC1,Piemonte,2013,35654
ITC1,Piemonte,2014,34637
ITC1,Piemonte,2015,32908
ITC1,Piemonte,2016,31732
ITC1,Piemonte,2017,30830
ITC1,Piemonte,2018,29072
ITC1,Piemonte,2019,27972
ITC1,Piemonte,2020,27107
ITC1,Piemonte,2021,26700
ITC1,Piemonte,2022,25975
IT108,Monza e della Brianza,2002,7470
IT108,Monza e della Brianza,2003,7649
IT108,Monza e della Brianza,2004,7951
IT108,Monza e della Brianza,2005,7887
IT108,Monza e della Brianza,2006,8293
IT108,Monza e della Brianza,2007,8314
IT108,Monza e della Brianza,2008,8536
IT108,Monza e della Brianza,2009,8490
IT108,Monza e della Brianza,2010,8489
IT108,Monza e della Brianza,2011,8173
IT108,Monza e della Brianza,2012,8128
IT108,Monza e della Brianza,2013,7688
IT108,Monza e della Brianza,2014,7598
IT108,Monza e della Brianza,2015,7420
IT108,Monza e della Brianza,2016,7052
IT108,Monza e della Brianza,2017,6912
IT108,Monza e della Brianza,2018,6612
IT108,Monza e della Brianza,2019,6379
IT108,Monza e della Brianza,2020,6064
IT108,Monza e della Brianza,2021,6080
IT108,Monza e della Brianza,2022,6011
IT109,Fermo,2002,1414
IT109,Fermo,2003,1421
IT109,Fermo,2004,1457
IT109,Fermo,2005,1457
IT109,Fermo,2006,1467
IT109,Fermo,2007,1566
IT109,Fermo,2008,1496
IT109,Fermo,2009,1588
IT109,Fermo,2010,1518
IT109,Fermo,2011,1522
IT109,Fermo,2012,1452
IT109,Fermo,2013,1439
IT109,Fermo,2014,1325
IT109,Fermo,2015,1343
IT109,Fermo,2016,1312
IT109,Fermo,2017,1203
IT109,Fermo,2018,1162
IT109,Fermo,2019,1060
IT109,Fermo,2020,1078
IT109,Fermo,2021,997
IT109,Fermo,2022,980
IT110,Barletta-Andria-Trani,2002,4564
IT110,Barletta-Andria-Trani,2003,4445
IT110,Barletta-Andria-Trani,2004,4426
IT110,Barletta-Andria-Trani,2005,4188
IT110,Barletta-Andria-Trani,2006,4166
IT110,Barletta-Andria-Trani,2007,4167
IT110,Barletta-Andria-Trani,2008,3969
IT110,Barletta-Andria-Trani,2009,3957
IT110,Barletta-Andria-Trani,2010,3864
IT110,Barletta-Andria-Trani,2011,3672
IT110,Barletta-Andria-Trani,2012,3455
IT110,Barletta-Andria-Trani,2013,3316
IT110,Barletta-Andria-Trani,2014,3444
IT110,Barletta-Andria-Trani,2015,3127
IT110,Barletta-Andria-Trani,2016,3247
IT110,Barletta-Andria-Trani,2017,3114
IT110,Barletta-Andria-Trani,2018,3005
IT110,Barletta-Andria-Trani,2019,2887
IT110,Barletta-Andria-Trani,2020,2765
IT110,Barletta-Andria-Trani,2021,2842
IT110,Barletta-Andria-Trani,2022,2704
IT111,Sud Sardegna,2002,2717
IT111,Sud Sardegna,2003,2570
IT111,Sud Sardegna,2004,2645
IT111,Sud Sardegna,2005,2586
IT111,Sud Sardegna,2006,2629
IT111,Sud Sardegna,2007,2640
IT111,Sud Sardegna,2008,2609
IT111,Sud Sardegna,2009,2674
IT111,Sud Sardegna,2010,2628
IT111,Sud Sardegna,2011,2641
IT111,Sud Sardegna,2012,2455
IT111,Sud Sardegna,2013,2489
IT111,Sud Sardegna,2014,2290
IT111,Sud Sardegna,2015,2239
IT111,Sud Sardegna,2016,2077
IT111,Sud Sardegna,2017,1939
IT111,Sud Sardegna,2018,1922
IT111,Sud Sardegna,2019,1715
IT111,Sud Sardegna,2020,1725
IT111,Sud Sardegna,2021,1644
IT111,Sud Sardegna,2022,1479
ITC11,Torino,1999,18304
ITC11,Torino,2000,19036
ITC11,Torino,2001,18383
ITC11,Torino,2002,18985
ITC11,Torino,2003,19492
ITC11,Torino,2004,19970
ITC11,Torino,2005,19942
ITC11,Torino,2006,20051
ITC11,Torino,2007,20513
ITC11,Torino,2008,21163
ITC11,Torino,2009,20787
ITC11,Torino,2010,20512
ITC11,Torino,2011,20114
ITC11,Torino,2012,19584
ITC11,Torino,2013,18871
ITC11,Torino,2014,18302
ITC11,Torino,2015,17463
ITC11,Torino,2016,16565
ITC11,Torino,2017,16205
ITC11,Torino,2018,15240
ITC11,Torino,2019,14637
ITC11,Torino,2020,14303
ITC11,Torino,2021,13951
ITC11,Torino,2022,13555
ITC14,Verbano-Cusio-Ossola,1999,1241
ITC14,Verbano-Cusio-Ossola,2000,1330
ITC14,Verbano-Cusio-Ossola,2001,1269
ITC14,Verbano-Cusio-Ossola,2002,1215
ITC14,Verbano-Cusio-Ossola,2003,1327
ITC14,Verbano-Cusio-Ossola,2004,1338
ITC14,Verbano-Cusio-Ossola,2005,1245
ITC14,Verbano-Cusio-Ossola,2006,1321
ITC14,Verbano-Cusio-Ossola,2007,1236
ITC14,Verbano-Cusio-Ossola,2008,1269
ITC14,Verbano-Cusio-Ossola,2009,1310
ITC14,Verbano-Cusio-Ossola,2010,1264
ITC14,Verbano-Cusio-Ossola,2011,1223
ITC14,Verbano-Cusio-Ossola,2012,1187
ITC14,Verbano-Cusio-Ossola,2013,1095
ITC14,Verbano-Cusio-Ossola,2014,1119
ITC14,Verbano-Cusio-Ossola,2015,1037
ITC14,Verbano-Cusio-Ossola,2016,957
ITC14,Verbano-Cusio-Ossola,2017,911
ITC14,Verbano-Cusio-Ossola,2018,857
ITC14,Verbano-Cusio-Ossola,2019,811
ITC14,Verbano-Cusio-Ossola,2020,859
ITC14,Verbano-Cusio-Ossola,2021,882
ITC14,Verbano-Cusio-Ossola,2022,770
ITC13,Biella,1999,1446
ITC13,Biella,2000,1534
ITC13,Biella,2001,1385
ITC13,Biella,2002,1440
ITC13,Biella,2003,1494
ITC13,Biella,2004,1406
ITC13,Biella,2005,1466
ITC13,Biella,2006,1470
ITC13,Biella,2007,1446
ITC13,Biella,2008,1453
ITC13,Biella,2009,1397
ITC13,Biella,2010,1320
ITC13,Biella,2011,1283
ITC13,Biella,2012,1301
ITC13,Biella,2013,1180
ITC13,Biella,2014,1211
ITC13,Biella,2015,1067
ITC13,Biella,2016,1089
ITC13,Biella,2017,986
ITC13,Biella,2018,954
ITC13,Biella,2019,923
ITC13,Biella,2020,862
ITC13,Biella,2021,884
ITC13,Biella,2022,828
ITC16,Cuneo,1999,4969
ITC16,Cuneo,2000,5149
ITC16,Cuneo,2001,5099
ITC16,Cuneo,2002,4961
ITC16,Cuneo,2003,4961
ITC16,Cuneo,2004,5251
ITC16,Cuneo,2005,5153
ITC16,Cuneo,2006,5231
ITC16,Cuneo,2007,5372
ITC16,Cuneo,2008,5554
ITC16,Cuneo,2009,5612
ITC16,Cuneo,2010,5462
ITC16,Cuneo,2011,5374
ITC16,Cuneo,2012,5334
ITC16,Cuneo,2013,5286
ITC16,Cuneo,2014,5151
ITC16,Cuneo,2015,4914
ITC16,Cuneo,2016,4833
ITC16,Cuneo,2017,4712
ITC16,Cuneo,2018,4489
ITC16,Cuneo,2019,4347
ITC16,Cuneo,2020,4176
ITC16,Cuneo,2021,4242
ITC16,Cuneo,2022,3974
ITC12,Vercelli,1999,1324
ITC12,Vercelli,2000,1371
ITC12,Vercelli,2001,1297
ITC12,Vercelli,2002,1345
ITC12,Vercelli,2003,1376
ITC12,Vercelli,2004,1389
ITC12,Vercelli,2005,1360
ITC12,Vercelli,2006,1372
ITC12,Vercelli,2007,1469
ITC12,Vercelli,2008,1373
ITC12,Vercelli,2009,1387
ITC12,Vercelli,2010,1365
ITC12,Vercelli,2011,1323
ITC12,Vercelli,2012,1392
ITC12,Vercelli,2013,1280
ITC12,Vercelli,2014,1271
ITC12,Vercelli,2015,1180
ITC12,Vercelli,2016,1160
ITC12,Vercelli,2017,1116
ITC12,Vercelli,2018,1074
ITC12,Vercelli,2019,1043
ITC12,Vercelli,2020,1005
ITC12,Vercelli,2021,994
ITC12,Vercelli,2022,986
ITC15,Novara,1999,2901
ITC15,Novara,2000,2956
ITC15,Novara,2001,2856
ITC15,Novara,2002,3061
ITC15,Novara,2003,3065
ITC15,Novara,2004,3118
ITC15,Novara,2005,3152
ITC15,Novara,2006,3306
ITC15,Novara,2007,3373
ITC15,Novara,2008,3381
ITC15,Novara,2009,3346
ITC15,Novara,2010,3396
ITC15,Novara,2011,3342
ITC15,Novara,2012,3251
ITC15,Novara,2013,3172
ITC15,Novara,2014,3013
ITC15,Novara,2015,2850
ITC15,Novara,2016,2808
ITC15,Novara,2017,2729
ITC15,Novara,2018,2617
ITC15,Novara,2019,2535
ITC15,Novara,2020,2402
ITC15,Novara,2021,2355
ITC15,Novara,2022,2345
ITC18,Alessandria,1999,2808
ITC18,Alessandria,2000,2838
ITC18,Alessandria,2001,2949
ITC18,Alessandria,2002,2964
ITC18,Alessandria,2003,2956
ITC18,Alessandria,2004,3161
ITC18,Alessandria,2005,3107
ITC18,Alessandria,2006,3262
ITC18,Alessandria,2007,3297
ITC18,Alessandria,2008,3444
ITC18,Alessandria,2009,3343
ITC18,Alessandria,2010,3253
ITC18,Alessandria,2011,3287
ITC18,Alessandria,2012,3184
ITC18,Alessandria,2013,2998
ITC18,Alessandria,2014,2913
ITC18,Alessandria,2015,2816
ITC18,Alessandria,2016,2769
ITC18,Alessandria,2017,2642
ITC18,Alessandria,2018,2502
ITC18,Alessandria,2019,2342
ITC18,Alessandria,2020,2250
ITC18,Alessandria,2021,2149
ITC18,Alessandria,2022,2297
ITC3,Liguria,1999,10998
ITC3,Liguria,2000,11325
ITC3,Liguria,2001,11368
ITC3,Liguria,2002,11492
ITC3,Liguria,2003,11536
ITC3,Liguria,2004,12014
ITC3,Liguria,2005,11957
ITC3,Liguria,2006,12146
ITC3,Liguria,2007,12156
ITC3,Liguria,2008,12450
ITC3,Liguria,2009,12329
ITC3,Liguria,2010,11983
ITC3,Liguria,2011,11478
ITC3,Liguria,2012,11583
ITC3,Liguria,2013,10992
ITC3,Liguria,2014,10749
ITC3,Liguria,2015,10155
ITC3,Liguria,2016,9901
ITC3,Liguria,2017,9571
ITC3,Liguria,2018,9043
ITC3,Liguria,2019,8747
ITC3,Liguria,2020,8752
ITC3,Liguria,2021,8556
ITC3,Liguria,2022,8479
ITC32,Savona,1999,1861
ITC32,Savona,2000,2016
ITC32,Savona,2001,1933
ITC32,Savona,2002,2047
ITC32,Savona,2003,2070
ITC32,Savona,2004,2143
ITC32,Savona,2005,2166
ITC32,Savona,2006,2109
ITC32,Savona,2007,2164
ITC32,Savona,2008,2171
ITC32,Savona,2009,2119
ITC32,Savona,2010,2070
ITC32,Savona,2011,1978
ITC32,Savona,2012,2045
ITC32,Savona,2013,1898
ITC32,Savona,2014,1914
ITC32,Savona,2015,1811
ITC32,Savona,2016,1686
ITC32,Savona,2017,1578
ITC32,Savona,2018,1530
ITC32,Savona,2019,1423
ITC32,Savona,2020,1411
ITC32,Savona,2021,1370
ITC32,Savona,2022,1399
ITC2,Valle d'Aosta / Vallée d'Aoste,1999,1103
ITC2,Valle d'Aosta / Vallée d'Aoste,2000,1171
ITC2,Valle d'Aosta / Vallée d'Aoste,2001,1112
ITC2,Valle d'Aosta / Vallée d'Aoste,2002,1107
ITC2,Valle d'Aosta / Vallée d'Aoste,2003,1151
ITC2,Valle d'Aosta / Vallée d'Aoste,2004,1177
ITC2,Valle d'Aosta / Vallée d'Aoste,2005,1161
ITC2,Valle d'Aosta / Vallée d'Aoste,2006,1250
ITC2,Valle d'Aosta / Vallée d'Aoste,2007,1241
ITC2,Valle d'Aosta / Vallée d'Aoste,2008,1296
ITC2,Valle d'Aosta / Vallée d'Aoste,2009,1308
ITC2,Valle d'Aosta / Vallée d'Aoste,2010,1254
ITC2,Valle d'Aosta / Vallée d'Aoste,2011,1221
ITC2,Valle d'Aosta / Vallée d'Aoste,2012,1177
ITC2,Valle d'Aosta / Vallée d'Aoste,2013,1059
ITC2,Valle d'Aosta / Vallée d'Aoste,2014,1119
ITC2,Valle d'Aosta / Vallée d'Aoste,2015,987
ITC2,Valle d'Aosta / Vallée d'Aoste,2016,962
ITC2,Valle d'Aosta / Vallée d'Aoste,2017,906
ITC2,Valle d'Aosta / Vallée d'Aoste,2018,904
ITC2,Valle d'Aosta / Vallée d'Aoste,2019,841
ITC2,Valle d'Aosta / Vallée d'Aoste,2020,776
ITC2,Valle d'Aosta / Vallée d'Aoste,2021,744
ITC2,Valle d'Aosta / Vallée d'Aoste,2022,781
ITC31,Imperia,1999,1549
ITC31,Imperia,2000,1552
ITC31,Imperia,2001,1560
ITC31,Imperia,2002,1532
ITC31,Imperia,2003,1507
ITC31,Imperia,2004,1645
ITC31,Imperia,2005,1697
ITC31,Imperia,2006,1594
ITC31,Imperia,2007,1700
ITC31,Imperia,2008,1718
ITC31,Imperia,2009,1676
ITC31,Imperia,2010,1620
ITC31,Imperia,2011,1554
ITC31,Imperia,2012,1519
ITC31,Imperia,2013,1488
ITC31,Imperia,2014,1437
ITC31,Imperia,2015,1433
ITC31,Imperia,2016,1367
ITC31,Imperia,2017,1343
ITC31,Imperia,2018,1267
ITC31,Imperia,2019,1207
ITC31,Imperia,2020,1302
ITC31,Imperia,2021,1243
ITC31,Imperia,2022,1241
ITC17,Asti,1999,1646
ITC17,Asti,2000,1660
ITC17,Asti,2001,1619
ITC17,Asti,2002,1745
ITC17,Asti,2003,1699
ITC17,Asti,2004,1780
ITC17,Asti,2005,1826
ITC17,Asti,2006,1838
ITC17,Asti,2007,1859
ITC17,Asti,2008,1914
ITC17,Asti,2009,1941
ITC17,Asti,2010,1813
ITC17,Asti,2011,1813
ITC17,Asti,2012,1834
ITC17,Asti,2013,1772
ITC17,Asti,2014,1657
ITC17,Asti,2015,1581
ITC17,Asti,2016,1551
ITC17,Asti,2017,1529
ITC17,Asti,2018,1339
ITC17,Asti,2019,1334
ITC17,Asti,2020,1250
ITC17,Asti,2021,1243
ITC17,Asti,2022,1220
ITC20,Valle d'Aosta / Vallée d'Aoste,1999,1103
ITC20,Valle d'Aosta / Vallée d'Aoste,2000,1171
ITC20,Valle d'Aosta / Vallée d'Aoste,2001,1112
ITC20,Valle d'Aosta / Vallée d'Aoste,2002,1107
ITC20,Valle d'Aosta / Vallée d'Aoste,2003,1151
ITC20,Valle d'Aosta / Vallée d'Aoste,2004,1177
ITC20,Valle d'Aosta / Vallée d'Aoste,2005,1161
ITC20,Valle d'Aosta / Vallée d'Aoste,2006,1250
ITC20,Valle d'Aosta / Vallée d'Aoste,2007,1241
ITC20,Valle d'Aosta / Vallée d'Aoste,2008,1296
ITC20,Valle d'Aosta / Vallée d'Aoste,2009,1308
ITC20,Valle d'Aosta / Vallée d'Aoste,2010,1254
ITC20,Valle d'Aosta / Vallée d'Aoste,2011,1221
ITC20,Valle d'Aosta / Vallée d'Aoste,2012,1177
ITC20,Valle d'Aosta / Vallée d'Aoste,2013,1059
ITC20,Valle d'Aosta / Vallée d'Aoste,2014,1119
ITC20,Valle d'Aosta / Vallée d'Aoste,2015,987
ITC20,Valle d'Aosta / Vallée d'Aoste,2016,962
ITC20,Valle d'Aosta / Vallée d'Aoste,2017,906
ITC20,Valle d'Aosta / Vallée d'Aoste,2018,904
ITC20,Valle d'Aosta / Vallée d'Aoste,2019,841
ITC20,Valle d'Aosta / Vallée d'Aoste,2020,776
ITC20,Valle d'Aosta / Vallée d'Aoste,2021,744
ITC20,Valle d'Aosta / Vallée d'Aoste,2022,781
ITC41,Varese,1999,7202
ITC41,Varese,2000,7386
ITC41,Varese,2001,7280
ITC41,Varese,2002,7423
ITC41,Varese,2003,7547
ITC41,Varese,2004,7985
ITC41,Varese,2005,7945
ITC41,Varese,2006,8291
ITC41,Varese,2007,8244
ITC41,Varese,2008,8449
ITC41,Varese,2009,8503
ITC41,Varese,2010,8382
ITC41,Varese,2011,8165
ITC41,Varese,2012,7928
ITC41,Varese,2013,7914
ITC41,Varese,2014,7541
ITC41,Varese,2015,7411
ITC41,Varese,2016,6971
ITC41,Varese,2017,6666
ITC41,Varese,2018,6524
ITC41,Varese,2019,6303
ITC41,Varese,2020,5839
ITC41,Varese,2021,5977
ITC41,Varese,2022,5734
ITC33,Genova,1999,6130
ITC33,Genova,2000,6252
ITC33,Genova,2001,6323
ITC33,Genova,2002,6381
ITC33,Genova,2003,6459
ITC33,Genova,2004,6586
ITC33,Genova,2005,6553
ITC33,Genova,2006,6740
ITC33,Genova,2007,6623
ITC33,Genova,2008,6890
ITC33,Genova,2009,6828
ITC33,Genova,2010,6681
ITC33,Genova,2011,6336
ITC33,Genova,2012,6410
ITC33,Genova,2013,6034
ITC33,Genova,2014,5919
ITC33,Genova,2015,5484
ITC33,Genova,2016,5341
ITC33,Genova,2017,5208
ITC33,Genova,2018,4896
ITC33,Genova,2019,4781
ITC33,Genova,2020,4745
ITC33,Genova,2021,4681
ITC33,Genova,2022,4630
ITC34,La Spezia,1999,1458
ITC34,La Spezia,2000,1505
ITC34,La Spezia,2001,1552
ITC34,La Spezia,2002,1532
ITC34,La Spezia,2003,1500
ITC34,La Spezia,2004,1640
ITC34,La Spezia,2005,1541
ITC34,La Spezia,2006,1703
ITC34,La Spezia,2007,1669
ITC34,La Spezia,2008,1671
ITC34,La Spezia,2009,1706
ITC34,La Spezia,2010,1612
ITC34,La Spezia,2011,1610
ITC34,La Spezia,2012,1609
ITC34,La Spezia,2013,1572
ITC34,La Spezia,2014,1479
ITC34,La Spezia,2015,1427
ITC34,La Spezia,2016,1507
ITC34,La Spezia,2017,1442
ITC34,La Spezia,2018,1350
ITC34,La Spezia,2019,1336
ITC34,La Spezia,2020,1294
ITC34,La Spezia,2021,1262
ITC34,La Spezia,2022,1209
ITC42,Como,1999,5060
ITC42,Como,2000,5106
ITC42,Como,2001,5177
ITC42,Como,2002,5010
ITC42,Como,2003,5203
ITC42,Como,2004,5479
ITC42,Como,2005,5536
ITC42,Como,2006,5569
ITC42,Como,2007,5660
ITC42,Como,2008,5763
ITC42,Como,2009,5918
ITC42,Como,2010,5707
ITC42,Como,2011,5512
ITC42,Como,2012,5535
ITC42,Como,2013,5244
ITC42,Como,2014,5023
ITC42,Como,2015,5042
ITC42,Como,2016,4884
ITC42,Como,2017,4558
ITC42,Como,2018,4320
ITC42,Como,2019,4245
ITC42,Como,2020,4006
ITC42,Como,2021,3924
ITC42,Como,2022,3780
ITC4,Lombardia,1999,82285
ITC4,Lombardia,2000,85250
ITC4,Lombardia,2001,85075
ITC4,Lombardia,2002,86633
ITC4,Lombardia,2003,87559
ITC4,Lombardia,2004,92898
ITC4,Lombardia,2005,92480
ITC4,Lombardia,2006,95156
ITC4,Lombardia,2007,96280
ITC4,Lombardia,2008,98672
ITC4,Lombardia,2009,98792
ITC4,Lombardia,2010,97815
ITC4,Lombardia,2011,94079
ITC4,Lombardia,2012,91798
ITC4,Lombardia,2013,88410
ITC4,Lombardia,2014,86239
ITC4,Lombardia,2015,84149
ITC4,Lombardia,2016,81588
ITC4,Lombardia,2017,78888
ITC4,Lombardia,2018,75693
ITC4,Lombardia,2019,73117
ITC4,Lombardia,2020,69235
ITC4,Lombardia,2021,68918
ITC4,Lombardia,2022,67482
ITC43,Lecco,1999,2984
ITC43,Lecco,2000,3037
ITC43,Lecco,2001,2891
ITC43,Lecco,2002,2924
ITC43,Lecco,2003,2862
ITC43,Lecco,2004,3178
ITC43,Lecco,2005,3210
ITC43,Lecco,2006,3224
ITC43,Lecco,2007,3303
ITC43,Lecco,2008,3388
ITC43,Lecco,2009,3348
ITC43,Lecco,2010,3377
ITC43,Lecco,2011,3209
ITC43,Lecco,2012,3092
ITC43,Lecco,2013,2938
ITC43,Lecco,2014,2781
ITC43,Lecco,2015,2808
ITC43,Lecco,2016,2562
ITC43,Lecco,2017,2607
ITC43,Lecco,2018,2383
ITC43,Lecco,2019,2304
ITC43,Lecco,2020,2152
ITC43,Lecco,2021,2062
ITC43,Lecco,2022,2103
ITC44,Sondrio,1999,1665
ITC44,Sondrio,2000,1708
ITC44,Sondrio,2001,1576
ITC44,Sondrio,2002,1668
ITC44,Sondrio,2003,1641
ITC44,Sondrio,2004,1616
ITC44,Sondrio,2005,1619
ITC44,Sondrio,2006,1676
ITC44,Sondrio,2007,1595
ITC44,Sondrio,2008,1673
ITC44,Sondrio,2009,1566
ITC44,Sondrio,2010,1656
ITC44,Sondrio,2011,1620
ITC44,Sondrio,2012,1589
ITC44,Sondrio,2013,1491
ITC44,Sondrio,2014,1516
ITC44,Sondrio,2015,1447
ITC44,Sondrio,2016,1453
ITC44,Sondrio,2017,1385
ITC44,Sondrio,2018,1334
ITC44,Sondrio,2019,1314
ITC44,Sondrio,2020,1185
ITC44,Sondrio,2021,1227
ITC44,Sondrio,2022,1194
ITC47,Brescia,1999,10904
ITC47,Brescia,2000,11145
ITC47,Brescia,2001,11304
ITC47,Brescia,2002,11697
ITC47,Brescia,2003,11630
ITC47,Brescia,2004,12621
ITC47,Brescia,2005,12325
ITC47,Brescia,2006,13047
ITC47,Brescia,2007,13360
ITC47,Brescia,2008,13576
ITC47,Brescia,2009,13636
ITC47,Brescia,2010,13598
ITC47,Brescia,2011,12868
ITC47,Brescia,2012,12168
ITC47,Brescia,2013,11601
ITC47,Brescia,2014,11225
ITC47,Brescia,2015,11013
ITC47,Brescia,2016,10558
ITC47,Brescia,2017,10138
ITC47,Brescia,2018,9802
ITC47,Brescia,2019,9361
ITC47,Brescia,2020,9050
ITC47,Brescia,2021,8818
ITC47,Brescia,2022,8701
ITC46,Bergamo,1999,9805
ITC46,Bergamo,2000,10225
ITC46,Bergamo,2001,10184
ITC46,Bergamo,2002,10446
ITC46,Bergamo,2003,10583
ITC46,Bergamo,2004,11077
ITC46,Bergamo,2005,10970
ITC46,Bergamo,2006,11339
ITC46,Bergamo,2007,11375
ITC46,Bergamo,2008,11924
ITC46,Bergamo,2009,12080
ITC46,Bergamo,2010,11805
ITC46,Bergamo,2011,11360
ITC46,Bergamo,2012,10947
ITC46,Bergamo,2013,10365
ITC46,Bergamo,2014,10023
ITC46,Bergamo,2015,9545
ITC46,Bergamo,2016,9449
ITC46,Bergamo,2017,9126
ITC46,Bergamo,2018,8547
ITC46,Bergamo,2019,8275
ITC46,Bergamo,2020,7673
ITC46,Bergamo,2021,7696
ITC46,Bergamo,2022,7475
ITC45,Milano,1999,33403
ITC45,Milano,2000,35237
ITC45,Milano,2001,35045
ITC45,Milano,2002,28295
ITC45,Milano,2003,28500
ITC45,Milano,2004,30238
ITC45,Milano,2005,29916
ITC45,Milano,2006,30230
ITC45,Milano,2007,30522
ITC45,Milano,2008,30732
ITC45,Milano,2009,30390
ITC45,Milano,2010,30422
ITC45,Milano,2011,29303
ITC45,Milano,2012,28925
ITC45,Milano,2013,28199
ITC45,Milano,2014,27916
ITC45,Milano,2015,27252
ITC45,Milano,2016,26984
ITC45,Milano,2017,26206
ITC45,Milano,2018,25164
ITC45,Milano,2019,24254
ITC45,Milano,2020,23254
ITC45,Milano,2021,23160
ITC45,Milano,2022,22674
ITC48,Pavia,1999,3627
ITC48,Pavia,2000,3742
ITC48,Pavia,2001,3847
ITC48,Pavia,2002,3838
ITC48,Pavia,2003,3978
ITC48,Pavia,2004,4071
ITC48,Pavia,2005,4348
ITC48,Pavia,2006,4519
ITC48,Pavia,2007,4544
ITC48,Pavia,2008,4832
ITC48,Pavia,2009,4883
ITC48,Pavia,2010,4647
ITC48,Pavia,2011,4610
ITC48,Pavia,2012,4546
ITC48,Pavia,2013,4360
ITC48,Pavia,2014,4166
ITC48,Pavia,2015,4218
ITC48,Pavia,2016,3936
ITC48,Pavia,2017,3792
ITC48,Pavia,2018,3758
ITC48,Pavia,2019,3617
ITC48,Pavia,2020,3391
ITC48,Pavia,2021,3301
ITC48,Pavia,2022,3377
ITC49,Lodi,1999,1792
ITC49,Lodi,2000,1739
ITC49,Lodi,2001,1784
ITC49,Lodi,2002,1776
ITC49,Lodi,2003,1974
ITC49,Lodi,2004,2051
ITC49,Lodi,2005,2040
ITC49,Lodi,2006,2155
ITC49,Lodi,2007,2126
ITC49,Lodi,2008,2299
ITC49,Lodi,2009,2446
ITC49,Lodi,2010,2252
ITC49,Lodi,2011,2172
ITC49,Lodi,2012,2135
ITC49,Lodi,2013,2059
ITC49,Lodi,2014,2032
ITC49,Lodi,2015,1981
ITC49,Lodi,2016,1949
ITC49,Lodi,2017,1881
ITC49,Lodi,2018,1768
ITC49,Lodi,2019,1680
ITC49,Lodi,2020,1572
ITC49,Lodi,2021,1647
ITC49,Lodi,2022,1601
ITC4A,Cremona,1999,2702
ITC4A,Cremona,2000,2781
ITC4A,Cremona,2001,2827
ITC4A,Cremona,2002,2819
ITC4A,Cremona,2003,2787
ITC4A,Cremona,2004,2963
ITC4A,Cremona,2005,3069
ITC4A,Cremona,2006,3069
ITC4A,Cremona,2007,3233
ITC4A,Cremona,2008,3448
ITC4A,Cremona,2009,3393
ITC4A,Cremona,2010,3328
ITC4A,Cremona,2011,3125
ITC4A,Cremona,2012,3125
ITC4A,Cremona,2013,2904
ITC4A,Cremona,2014,2922
ITC4A,Cremona,2015,2747
ITC4A,Cremona,2016,2625
ITC4A,Cremona,2017,2601
ITC4A,Cremona,2018,2506
ITC4A,Cremona,2019,2486
ITC4A,Cremona,2020,2321
ITC4A,Cremona,2021,2365
ITC4A,Cremona,2022,2225
ITD,Nord-est,1999,93271
ITD,Nord-est,2000,97433
ITD,Nord-est,2001,96448
ITD,Nord-est,2002,98955
ITD,Nord-est,2003,100033
ITD,Nord-est,2004,106322
ITD,Nord-est,2005,105719
ITD,Nord-est,2006,107607
ITD,Nord-est,2007,109550
ITD,Nord-est,2008,112066
ITD,Nord-est,2009,111009
ITD,Nord-est,2010,109914
ITD,Nord-est,2011,106347
ITD,Nord-est,2012,104131
ITD,Nord-est,2013,99832
ITD,Nord-est,2014,96853
ITD,Nord-est,2015,93522
ITD,Nord-est,2016,91010
ITD,Nord-est,2017,87576
ITD,Nord-est,2018,85259
ITD,Nord-est,2019,81446
ITD,Nord-est,2020,79206
ITD,Nord-est,2021,79267
ITD,Nord-est,2022,77569
ITD10,Bolzano / Bozen,1999,5592
ITD10,Bolzano / Bozen,2000,5426
ITD10,Bolzano / Bozen,2001,5469
ITD10,Bolzano / Bozen,2002,5208
ITD10,Bolzano / Bozen,2003,5388
ITD10,Bolzano / Bozen,2004,5450
ITD10,Bolzano / Bozen,2005,5525
ITD10,Bolzano / Bozen,2006,5409
ITD10,Bolzano / Bozen,2007,5502
ITD10,Bolzano / Bozen,2008,5462
ITD10,Bolzano / Bozen,2009,5232
ITD10,Bolzano / Bozen,2010,5381
ITD10,Bolzano / Bozen,2011,5270
ITD10,Bolzano / Bozen,2012,5414
ITD10,Bolzano / Bozen,2013,5281
ITD10,Bolzano / Bozen,2014,5517
ITD10,Bolzano / Bozen,2015,5337
ITD10,Bolzano / Bozen,2016,5447
ITD10,Bolzano / Bozen,2017,5351
ITD10,Bolzano / Bozen,2018,5284
ITD10,Bolzano / Bozen,2019,5234
ITD10,Bolzano / Bozen,2020,5191
ITD10,Bolzano / Bozen,2021,5173
ITD10,Bolzano / Bozen,2022,4912
ITD2,Provincia Autonoma Trento,1999,5002
ITD2,Provincia Autonoma Trento,2000,5136
ITD2,Provincia Autonoma Trento,2001,4955
ITD2,Provincia Autonoma Trento,2002,5067
ITD2,Provincia Autonoma Trento,2003,4957
ITD2,Provincia Autonoma Trento,2004,5452
ITD2,Provincia Autonoma Trento,2005,5194
ITD2,Provincia Autonoma Trento,2006,5193
ITD2,Provincia Autonoma Trento,2007,5178
ITD2,Provincia Autonoma Trento,2008,5423
ITD2,Provincia Autonoma Trento,2009,5356
ITD2,Provincia Autonoma Trento,2010,5454
ITD2,Provincia Autonoma Trento,2011,5295
ITD2,Provincia Autonoma Trento,2012,5153
ITD2,Provincia Autonoma Trento,2013,5113
ITD2,Provincia Autonoma Trento,2014,4862
ITD2,Provincia Autonoma Trento,2015,4836
ITD2,Provincia Autonoma Trento,2016,4642
ITD2,Provincia Autonoma Trento,2017,4495
ITD2,Provincia Autonoma Trento,2018,4353
ITD2,Provincia Autonoma Trento,2019,4239
ITD2,Provincia Autonoma Trento,2020,4048
ITD2,Provincia Autonoma Trento,2021,4190
ITD2,Provincia Autonoma Trento,2022,4011
ITCD,Nord,1999,222296
ITCD,Nord,2000,231053
ITCD,Nord,2001,228860
ITCD,Nord,2002,233903
ITCD,Nord,2003,236649
ITCD,Nord,2004,249824
ITCD,Nord,2005,248568
ITCD,Nord,2006,254010
ITCD,Nord,2007,257792
ITCD,Nord,2008,264035
ITCD,Nord,2009,262561
ITCD,Nord,2010,259351
ITCD,Nord,2011,250884
ITCD,Nord,2012,245756
ITCD,Nord,2013,235947
ITCD,Nord,2014,229597
ITCD,Nord,2015,221721
ITCD,Nord,2016,215193
ITCD,Nord,2017,207771
ITCD,Nord,2018,199971
ITCD,Nord,2019,192123
ITCD,Nord,2020,185076
ITCD,Nord,2021,184185
ITCD,Nord,2022,180286
ITC4B,Mantova,1999,3141
ITC4B,Mantova,2000,3144
ITC4B,Mantova,2001,3160
ITC4B,Mantova,2002,3267
ITC4B,Mantova,2003,3205
ITC4B,Mantova,2004,3668
ITC4B,Mantova,2005,3615
ITC4B,Mantova,2006,3744
ITC4B,Mantova,2007,4004
ITC4B,Mantova,2008,4052
ITC4B,Mantova,2009,4139
ITC4B,Mantova,2010,4152
ITC4B,Mantova,2011,3962
ITC4B,Mantova,2012,3680
ITC4B,Mantova,2013,3647
ITC4B,Mantova,2014,3496
ITC4B,Mantova,2015,3265
ITC4B,Mantova,2016,3165
ITC4B,Mantova,2017,3016
ITC4B,Mantova,2018,2975
ITC4B,Mantova,2019,2899
ITC4B,Mantova,2020,2728
ITC4B,Mantova,2021,2661
ITC4B,Mantova,2022,2607
ITD1,Provincia Autonoma Bolzano / Bozen,1999,5592
ITD1,Provincia Autonoma Bolzano / Bozen,2000,5426
ITD1,Provincia Autonoma Bolzano / Bozen,2001,5469
ITD1,Provincia Autonoma Bolzano / Bozen,2002,5208
ITD1,Provincia Autonoma Bolzano / Bozen,2003,5388
ITD1,Provincia Autonoma Bolzano / Bozen,2004,5450
ITD1,Provincia Autonoma Bolzano / Bozen,2005,5525
ITD1,Provincia Autonoma Bolzano / Bozen,2006,5409
ITD1,Provincia Autonoma Bolzano / Bozen,2007,5502
ITD1,Provincia Autonoma Bolzano / Bozen,2008,5462
ITD1,Provincia Autonoma Bolzano / Bozen,2009,5232
ITD1,Provincia Autonoma Bolzano / Bozen,2010,5381
ITD1,Provincia Autonoma Bolzano / Bozen,2011,5270
ITD1,Provincia Autonoma Bolzano / Bozen,2012,5414
ITD1,Provincia Autonoma Bolzano / Bozen,2013,5281
ITD1,Provincia Autonoma Bolzano / Bozen,2014,5517
ITD1,Provincia Autonoma Bolzano / Bozen,2015,5337
ITD1,Provincia Autonoma Bolzano / Bozen,2016,5447
ITD1,Provincia Autonoma Bolzano / Bozen,2017,5351
ITD1,Provincia Autonoma Bolzano / Bozen,2018,5284
ITD1,Provincia Autonoma Bolzano / Bozen,2019,5234
ITD1,Provincia Autonoma Bolzano / Bozen,2020,5191
ITD1,Provincia Autonoma Bolzano / Bozen,2021,5173
ITD1,Provincia Autonoma Bolzano / Bozen,2022,4912
ITD20,Trento,1999,5002
ITD20,Trento,2000,5136
ITD20,Trento,2001,4955
ITD20,Trento,2002,5067
ITD20,Trento,2003,4957
ITD20,Trento,2004,5452
ITD20,Trento,2005,5194
ITD20,Trento,2006,5193
ITD20,Trento,2007,5178
ITD20,Trento,2008,5423
ITD20,Trento,2009,5356
ITD20,Trento,2010,5454
ITD20,Trento,2011,5295
ITD20,Trento,2012,5153
ITD20,Trento,2013,5113
ITD20,Trento,2014,4862
ITD20,Trento,2015,4836
ITD20,Trento,2016,4642
ITD20,Trento,2017,4495
ITD20,Trento,2018,4353
ITD20,Trento,2019,4239
ITD20,Trento,2020,4048
ITD20,Trento,2021,4190
ITD20,Trento,2022,4011
ITD32,Vicenza,1999,8061
ITD32,Vicenza,2000,8381
ITD32,Vicenza,2001,8360
ITD32,Vicenza,2002,8592
ITD32,Vicenza,2003,8414
ITD32,Vicenza,2004,9231
ITD32,Vicenza,2005,8970
ITD32,Vicenza,2006,8972
ITD32,Vicenza,2007,9015
ITD32,Vicenza,2008,9116
ITD32,Vicenza,2009,8817
ITD32,Vicenza,2010,8641
ITD32,Vicenza,2011,8278
ITD32,Vicenza,2012,8159
ITD32,Vicenza,2013,7654
ITD32,Vicenza,2014,7544
ITD32,Vicenza,2015,7112
ITD32,Vicenza,2016,6768
ITD32,Vicenza,2017,6534
ITD32,Vicenza,2018,6452
ITD32,Vicenza,2019,6084
ITD32,Vicenza,2020,6048
ITD32,Vicenza,2021,6163
ITD32,Vicenza,2022,5935
ITD35,Venezia,1999,6793
ITD35,Venezia,2000,6924
ITD35,Venezia,2001,6832
ITD35,Venezia,2002,6882
ITD35,Venezia,2003,7231
ITD35,Venezia,2004,7378
ITD35,Venezia,2005,7219
ITD35,Venezia,2006,7419
ITD35,Venezia,2007,7593
ITD35,Venezia,2008,7675
ITD35,Venezia,2009,7537
ITD35,Venezia,2010,7420
ITD35,Venezia,2011,7419
ITD35,Venezia,2012,7077
ITD35,Venezia,2013,6666
ITD35,Venezia,2014,6283
ITD35,Venezia,2015,6166
ITD35,Venezia,2016,6031
ITD35,Venezia,2017,5866
ITD35,Venezia,2018,5643
ITD35,Venezia,2019,5366
ITD35,Venezia,2020,5244
ITD35,Venezia,2021,5261
ITD35,Venezia,2022,5042
ITD3,Veneto,1999,41720
ITD3,Veneto,2000,43299
ITD3,Veneto,2001,42204
ITD3,Veneto,2002,43420
ITD3,Veneto,2003,43898
ITD3,Veneto,2004,47084
ITD3,Veneto,2005,46254
ITD3,Veneto,2006,47047
ITD3,Veneto,2007,47621
ITD3,Veneto,2008,48601
ITD3,Veneto,2009,47675
ITD3,Veneto,2010,46915
ITD3,Veneto,2011,45381
ITD3,Veneto,2012,44387
ITD3,Veneto,2013,41963
ITD3,Veneto,2014,40619
ITD3,Veneto,2015,38952
ITD3,Veneto,2016,37851
ITD3,Veneto,2017,36587
ITD3,Veneto,2018,35393
ITD3,Veneto,2019,33556
ITD3,Veneto,2020,32672
ITD3,Veneto,2021,32799
ITD3,Veneto,2022,31754
ITD33,Belluno,1999,1729
ITD33,Belluno,2000,1871
ITD33,Belluno,2001,1662
ITD33,Belluno,2002,1817
ITD33,Belluno,2003,1729
ITD33,Belluno,2004,1785
ITD33,Belluno,2005,1720
ITD33,Belluno,2006,1752
ITD33,Belluno,2007,1675
ITD33,Belluno,2008,1797
ITD33,Belluno,2009,1726
ITD33,Belluno,2010,1751
ITD33,Belluno,2011,1646
ITD33,Belluno,2012,1575
ITD33,Belluno,2013,1460
ITD33,Belluno,2014,1407
ITD33,Belluno,2015,1394
ITD33,Belluno,2016,1318
ITD33,Belluno,2017,1273
ITD33,Belluno,2018,1280
ITD33,Belluno,2019,1180
ITD33,Belluno,2020,1201
ITD33,Belluno,2021,1176
ITD33,Belluno,2022,1127
ITD34,Treviso,1999,7631
ITD34,Treviso,2000,8208
ITD34,Treviso,2001,7917
ITD34,Treviso,2002,8340
ITD34,Treviso,2003,8627
ITD34,Treviso,2004,9039
ITD34,Treviso,2005,9154
ITD34,Treviso,2006,9232
ITD34,Treviso,2007,9425
ITD34,Treviso,2008,9365
ITD34,Treviso,2009,9082
ITD34,Treviso,2010,9018
ITD34,Treviso,2011,8608
ITD34,Treviso,2012,8507
ITD34,Treviso,2013,8035
ITD34,Treviso,2014,7744
ITD34,Treviso,2015,7266
ITD34,Treviso,2016,7242
ITD34,Treviso,2017,6953
ITD34,Treviso,2018,6601
ITD34,Treviso,2019,6237
ITD34,Treviso,2020,6174
ITD34,Treviso,2021,6101
ITD34,Treviso,2022,5987
ITD31,Verona,1999,7995
ITD31,Verona,2000,8180
ITD31,Verona,2001,8090
ITD31,Verona,2002,8239
ITD31,Verona,2003,8013
ITD31,Verona,2004,9224
ITD31,Verona,2005,8876
ITD31,Verona,2006,9035
ITD31,Verona,2007,9203
ITD31,Verona,2008,9529
ITD31,Verona,2009,9389
ITD31,Verona,2010,9244
ITD31,Verona,2011,8894
ITD31,Verona,2012,8604
ITD31,Verona,2013,8201
ITD31,Verona,2014,8184
ITD31,Verona,2015,7984
ITD31,Verona,2016,7773
ITD31,Verona,2017,7561
ITD31,Verona,2018,7363
ITD31,Verona,2019,7135
ITD31,Verona,2020,6820
ITD31,Verona,2021,6701
ITD31,Verona,2022,6498
ITD4,Friuli-Venezia Giulia,1999,9100
ITD4,Friuli-Venezia Giulia,2000,9576
ITD4,Friuli-Venezia Giulia,2001,9545
ITD4,Friuli-Venezia Giulia,2002,9586
ITD4,Friuli-Venezia Giulia,2003,9864
ITD4,Friuli-Venezia Giulia,2004,10114
ITD4,Friuli-Venezia Giulia,2005,10093
ITD4,Friuli-Venezia Giulia,2006,10363
ITD4,Friuli-Venezia Giulia,2007,10569
ITD4,Friuli-Venezia Giulia,2008,10515
ITD4,Friuli-Venezia Giulia,2009,10475
ITD4,Friuli-Venezia Giulia,2010,10347
ITD4,Friuli-Venezia Giulia,2011,9953
ITD4,Friuli-Venezia Giulia,2012,9840
ITD4,Friuli-Venezia Giulia,2013,9418
ITD4,Friuli-Venezia Giulia,2014,9187
ITD4,Friuli-Venezia Giulia,2015,8584
ITD4,Friuli-Venezia Giulia,2016,8492
ITD4,Friuli-Venezia Giulia,2017,8132
ITD4,Friuli-Venezia Giulia,2018,7829
ITD4,Friuli-Venezia Giulia,2019,7495
ITD4,Friuli-Venezia Giulia,2020,7434
ITD4,Friuli-Venezia Giulia,2021,7269
ITD4,Friuli-Venezia Giulia,2022,7277
ITD43,Gorizia,1999,1006
ITD43,Gorizia,2000,1087
ITD43,Gorizia,2001,1121
ITD43,Gorizia,2002,1110
ITD43,Gorizia,2003,1113
ITD43,Gorizia,2004,1123
ITD43,Gorizia,2005,1111
ITD43,Gorizia,2006,1142
ITD43,Gorizia,2007,1152
ITD43,Gorizia,2008,1171
ITD43,Gorizia,2009,1077
ITD43,Gorizia,2010,1104
ITD43,Gorizia,2011,1031
ITD43,Gorizia,2012,1039
ITD43,Gorizia,2013,966
ITD43,Gorizia,2014,940
ITD43,Gorizia,2015,1001
ITD43,Gorizia,2016,955
ITD43,Gorizia,2017,952
ITD43,Gorizia,2018,894
ITD43,Gorizia,2019,845
ITD43,Gorizia,2020,892
ITD43,Gorizia,2021,813
ITD43,Gorizia,2022,925
ITD37,Rovigo,1999,1639
ITD37,Rovigo,2000,1733
ITD37,Rovigo,2001,1594
ITD37,Rovigo,2002,1650
ITD37,Rovigo,2003,1682
ITD37,Rovigo,2004,1819
ITD37,Rovigo,2005,1835
ITD37,Rovigo,2006,1789
ITD37,Rovigo,2007,1876
ITD37,Rovigo,2008,1992
ITD37,Rovigo,2009,2017
ITD37,Rovigo,2010,2000
ITD37,Rovigo,2011,1844
ITD37,Rovigo,2012,1883
ITD37,Rovigo,2013,1728
ITD37,Rovigo,2014,1602
ITD37,Rovigo,2015,1585
ITD37,Rovigo,2016,1469
ITD37,Rovigo,2017,1498
ITD37,Rovigo,2018,1340
ITD37,Rovigo,2019,1212
ITD37,Rovigo,2020,1173
ITD37,Rovigo,2021,1176
ITD37,Rovigo,2022,1172
ITD42,Udine,1999,4016
ITD42,Udine,2000,4229
ITD42,Udine,2001,4134
ITD42,Udine,2002,4217
ITD42,Udine,2003,4328
ITD42,Udine,2004,4275
ITD42,Udine,2005,4473
ITD42,Udine,2006,4425
ITD42,Udine,2007,4494
ITD42,Udine,2008,4453
ITD42,Udine,2009,4486
ITD42,Udine,2010,4423
ITD42,Udine,2011,4214
ITD42,Udine,2012,4250
ITD42,Udine,2013,4083
ITD42,Udine,2014,3951
ITD42,Udine,2015,3639
ITD42,Udine,2016,3592
ITD42,Udine,2017,3378
ITD42,Udine,2018,3247
ITD42,Udine,2019,3104
ITD42,Udine,2020,3097
ITD42,Udine,2021,2976
ITD42,Udine,2022,2950
ITD36,Padova,1999,7872
ITD36,Padova,2000,8002
ITD36,Padova,2001,7749
ITD36,Padova,2002,7900
ITD36,Padova,2003,8202
ITD36,Padova,2004,8608
ITD36,Padova,2005,8480
ITD36,Padova,2006,8848
ITD36,Padova,2007,8834
ITD36,Padova,2008,9127
ITD36,Padova,2009,9107
ITD36,Padova,2010,8841
ITD36,Padova,2011,8692
ITD36,Padova,2012,8582
ITD36,Padova,2013,8219
ITD36,Padova,2014,7855
ITD36,Padova,2015,7445
ITD36,Padova,2016,7250
ITD36,Padova,2017,6902
ITD36,Padova,2018,6714
ITD36,Padova,2019,6342
ITD36,Padova,2020,6012
ITD36,Padova,2021,6221
ITD36,Padova,2022,5993
ITD41,Pordenone,1999,2451
ITD41,Pordenone,2000,2517
ITD41,Pordenone,2001,2610
ITD41,Pordenone,2002,2613
ITD41,Pordenone,2003,2709
ITD41,Pordenone,2004,2900
ITD41,Pordenone,2005,2837
ITD41,Pordenone,2006,3004
ITD41,Pordenone,2007,3142
ITD41,Pordenone,2008,3106
ITD41,Pordenone,2009,3160
ITD41,Pordenone,2010,3016
ITD41,Pordenone,2011,3003
ITD41,Pordenone,2012,2822
ITD41,Pordenone,2013,2787
ITD41,Pordenone,2014,2703
ITD41,Pordenone,2015,2474
ITD41,Pordenone,2016,2452
ITD41,Pordenone,2017,2321
ITD41,Pordenone,2018,2251
ITD41,Pordenone,2019,2192
ITD41,Pordenone,2020,2081
ITD41,Pordenone,2021,2121
ITD41,Pordenone,2022,2028
ITD51,Piacenza,1999,1919
ITD51,Piacenza,2000,2078
ITD51,Piacenza,2001,1993
ITD51,Piacenza,2002,2140
ITD51,Piacenza,2003,2156
ITD51,Piacenza,2004,2271
ITD51,Piacenza,2005,2289
ITD51,Piacenza,2006,2372
ITD51,Piacenza,2007,2429
ITD51,Piacenza,2008,2481
ITD51,Piacenza,2009,2626
ITD51,Piacenza,2010,2463
ITD51,Piacenza,2011,2389
ITD51,Piacenza,2012,2370
ITD51,Piacenza,2013,2367
ITD51,Piacenza,2014,2315
ITD51,Piacenza,2015,2262
ITD51,Piacenza,2016,2176
ITD51,Piacenza,2017,2052
ITD51,Piacenza,2018,2142
ITD51,Piacenza,2019,2058
ITD51,Piacenza,2020,1897
ITD51,Piacenza,2021,1815
ITD51,Piacenza,2022,1963
ITD54,Modena,1999,5513
ITD54,Modena,2000,5932
ITD54,Modena,2001,6009
ITD54,Modena,2002,6199
ITD54,Modena,2003,6126
ITD54,Modena,2004,6553
ITD54,Modena,2005,6770
ITD54,Modena,2006,6703
ITD54,Modena,2007,6857
ITD54,Modena,2008,7201
ITD54,Modena,2009,7151
ITD54,Modena,2010,7116
ITD54,Modena,2011,6949
ITD54,Modena,2012,6703
ITD54,Modena,2013,6311
ITD54,Modena,2014,6040
ITD54,Modena,2015,5937
ITD54,Modena,2016,5862
ITD54,Modena,2017,5570
ITD54,Modena,2018,5497
ITD54,Modena,2019,5084
ITD54,Modena,2020,4964
ITD54,Modena,2021,5118
ITD54,Modena,2022,5117
ITD44,Trieste,1999,1627
ITD44,Trieste,2000,1743
ITD44,Trieste,2001,1680
ITD44,Trieste,2002,1646
ITD44,Trieste,2003,1714
ITD44,Trieste,2004,1816
ITD44,Trieste,2005,1672
ITD44,Trieste,2006,1792
ITD44,Trieste,2007,1781
ITD44,Trieste,2008,1785
ITD44,Trieste,2009,1752
ITD44,Trieste,2010,1804
ITD44,Trieste,2011,1705
ITD44,Trieste,2012,1729
ITD44,Trieste,2013,1582
ITD44,Trieste,2014,1593
ITD44,Trieste,2015,1470
ITD44,Trieste,2016,1493
ITD44,Trieste,2017,1481
ITD44,Trieste,2018,1437
ITD44,Trieste,2019,1354
ITD44,Trieste,2020,1364
ITD44,Trieste,2021,1359
ITD44,Trieste,2022,1374
ITD52,Parma,1999,3135
ITD52,Parma,2000,3234
ITD52,Parma,2001,3348
ITD52,Parma,2002,3336
ITD52,Parma,2003,3366
ITD52,Parma,2004,3702
ITD52,Parma,2005,3744
ITD52,Parma,2006,3806
ITD52,Parma,2007,4005
ITD52,Parma,2008,4136
ITD52,Parma,2009,4197
ITD52,Parma,2010,4241
ITD52,Parma,2011,3982
ITD52,Parma,2012,3882
ITD52,Parma,2013,3847
ITD52,Parma,2014,3782
ITD52,Parma,2015,3741
ITD52,Parma,2016,3697
ITD52,Parma,2017,3512
ITD52,Parma,2018,3434
ITD52,Parma,2019,3417
ITD52,Parma,2020,3305
ITD52,Parma,2021,3301
ITD52,Parma,2022,3224
ITD55,Bologna,1999,7302
ITD55,Bologna,2000,7811
ITD55,Bologna,2001,7756
ITD55,Bologna,2002,8039
ITD55,Bologna,2003,7955
ITD55,Bologna,2004,8492
ITD55,Bologna,2005,8429
ITD55,Bologna,2006,8770
ITD55,Bologna,2007,8820
ITD55,Bologna,2008,8855
ITD55,Bologna,2009,9159
ITD55,Bologna,2010,8739
ITD55,Bologna,2011,8711
ITD55,Bologna,2012,8464
ITD55,Bologna,2013,8472
ITD55,Bologna,2014,8267
ITD55,Bologna,2015,8081
ITD55,Bologna,2016,7830
ITD55,Bologna,2017,7506
ITD55,Bologna,2018,7556
ITD55,Bologna,2019,7143
ITD55,Bologna,2020,6956
ITD55,Bologna,2021,6958
ITD55,Bologna,2022,6829
ITD53,Reggio nell'Emilia,1999,4250
ITD53,Reggio nell'Emilia,2000,4513
ITD53,Reggio nell'Emilia,2001,4587
ITD53,Reggio nell'Emilia,2002,4792
ITD53,Reggio nell'Emilia,2003,4950
ITD53,Reggio nell'Emilia,2004,5289
ITD53,Reggio nell'Emilia,2005,5358
ITD53,Reggio nell'Emilia,2006,5396
ITD53,Reggio nell'Emilia,2007,5728
ITD53,Reggio nell'Emilia,2008,5834
ITD53,Reggio nell'Emilia,2009,5801
ITD53,Reggio nell'Emilia,2010,5842
ITD53,Reggio nell'Emilia,2011,5546
ITD53,Reggio nell'Emilia,2012,5347
ITD53,Reggio nell'Emilia,2013,5112
ITD53,Reggio nell'Emilia,2014,4791
ITD53,Reggio nell'Emilia,2015,4783
ITD53,Reggio nell'Emilia,2016,4503
ITD53,Reggio nell'Emilia,2017,4266
ITD53,Reggio nell'Emilia,2018,3943
ITD53,Reggio nell'Emilia,2019,3937
ITD53,Reggio nell'Emilia,2020,3810
ITD53,Reggio nell'Emilia,2021,3770
ITD53,Reggio nell'Emilia,2022,3652
ITD5,Emilia-Romagna,1999,31857
ITD5,Emilia-Romagna,2000,33996
ITD5,Emilia-Romagna,2001,34275
ITD5,Emilia-Romagna,2002,35674
ITD5,Emilia-Romagna,2003,35926
ITD5,Emilia-Romagna,2004,38222
ITD5,Emilia-Romagna,2005,38653
ITD5,Emilia-Romagna,2006,39595
ITD5,Emilia-Romagna,2007,40680
ITD5,Emilia-Romagna,2008,42065
ITD5,Emilia-Romagna,2009,42271
ITD5,Emilia-Romagna,2010,41817
ITD5,Emilia-Romagna,2011,40448
ITD5,Emilia-Romagna,2012,39337
ITD5,Emilia-Romagna,2013,38057
ITD5,Emilia-Romagna,2014,36668
ITD5,Emilia-Romagna,2015,35813
ITD5,Emilia-Romagna,2016,34578
ITD5,Emilia-Romagna,2017,33011
ITD5,Emilia-Romagna,2018,32400
ITD5,Emilia-Romagna,2019,30922
ITD5,Emilia-Romagna,2020,29861
ITD5,Emilia-Romagna,2021,29836
ITD5,Emilia-Romagna,2022,29615
ITD56,Ferrara,1999,2077
ITD56,Ferrara,2000,2136
ITD56,Ferrara,2001,2152
ITD56,Ferrara,2002,2283
ITD56,Ferrara,2003,2334
ITD56,Ferrara,2004,2492
ITD56,Ferrara,2005,2503
ITD56,Ferrara,2006,2607
ITD56,Ferrara,2007,2664
ITD56,Ferrara,2008,2838
ITD56,Ferrara,2009,2813
ITD56,Ferrara,2010,2826
ITD56,Ferrara,2011,2702
ITD56,Ferrara,2012,2632
ITD56,Ferrara,2013,2414
ITD56,Ferrara,2014,2307
ITD56,Ferrara,2015,2160
ITD56,Ferrara,2016,2077
ITD56,Ferrara,2017,2034
ITD56,Ferrara,2018,1988
ITD56,Ferrara,2019,1958
ITD56,Ferrara,2020,1799
ITD56,Ferrara,2021,1876
ITD56,Ferrara,2022,1849
ITD59,Rimini,1999,2446
ITD59,Rimini,2000,2587
ITD59,Rimini,2001,2601
ITD59,Rimini,2002,2811
ITD59,Rimini,2003,2803
ITD59,Rimini,2004,2839
ITD59,Rimini,2005,2983
ITD59,Rimini,2006,2956
ITD59,Rimini,2007,3107
ITD59,Rimini,2008,3308
ITD59,Rimini,2009,3141
ITD59,Rimini,2010,3295
ITD59,Rimini,2011,3024
ITD59,Rimini,2012,3022
ITD59,Rimini,2013,2929
ITD59,Rimini,2014,2821
ITD59,Rimini,2015,2769
ITD59,Rimini,2016,2565
ITD59,Rimini,2017,2473
ITD59,Rimini,2018,2341
ITD59,Rimini,2019,2229
ITD59,Rimini,2020,2163
ITD59,Rimini,2021,2035
ITD59,Rimini,2022,2056
ITD57,Ravenna,1999,2533
ITD57,Ravenna,2000,2706
ITD57,Ravenna,2001,2807
ITD57,Ravenna,2002,2925
ITD57,Ravenna,2003,3006
ITD57,Ravenna,2004,3101
ITD57,Ravenna,2005,3168
ITD57,Ravenna,2006,3395
ITD57,Ravenna,2007,3481
ITD57,Ravenna,2008,3692
ITD57,Ravenna,2009,3661
ITD57,Ravenna,2010,3527
ITD57,Ravenna,2011,3442
ITD57,Ravenna,2012,3345
ITD57,Ravenna,2013,3148
ITD57,Ravenna,2014,3072
ITD57,Ravenna,2015,2936
ITD57,Ravenna,2016,2817
ITD57,Ravenna,2017,2725
ITD57,Ravenna,2018,2670
ITD57,Ravenna,2019,2503
ITD57,Ravenna,2020,2428
ITD57,Ravenna,2021,2442
ITD57,Ravenna,2022,2308
ITE,Centro,1999,96553
ITE,Centro,2000,96505
ITE,Centro,2001,95029
ITE,Centro,2002,97590
ITE,Centro,2003,99350
ITE,Centro,2004,104593
ITE,Centro,2005,103260
ITE,Centro,2006,105927
ITE,Centro,2007,106633
ITE,Centro,2008,113123
ITE,Centro,2009,109426
ITE,Centro,2010,108931
ITE,Centro,2011,107597
ITE,Centro,2012,104951
ITE,Centro,2013,101674
ITE,Centro,2014,98856
ITE,Centro,2015,94171
ITE,Centro,2016,92346
ITE,Centro,2017,87450
ITE,Centro,2018,82976
ITE,Centro,2019,77580
ITE,Centro,2020,75062
ITE,Centro,2021,74289
ITE,Centro,2022,71386
ITDA,Trentino Alto Adige / Südtirol,1999,10594
ITDA,Trentino Alto Adige / Südtirol,2000,10562
ITDA,Trentino Alto Adige / Südtirol,2001,10424
ITDA,Trentino Alto Adige / Südtirol,2002,10275
ITDA,Trentino Alto Adige / Südtirol,2003,10345
ITDA,Trentino Alto Adige / Südtirol,2004,10902
ITDA,Trentino Alto Adige / Südtirol,2005,10719
ITDA,Trentino Alto Adige / Südtirol,2006,10602
ITDA,Trentino Alto Adige / Südtirol,2007,10680
ITDA,Trentino Alto Adige / Südtirol,2008,10885
ITDA,Trentino Alto Adige / Südtirol,2009,10588
ITDA,Trentino Alto Adige / Südtirol,2010,10835
ITDA,Trentino Alto Adige / Südtirol,2011,10565
ITDA,Trentino Alto Adige / Südtirol,2012,10567
ITDA,Trentino Alto Adige / Südtirol,2013,10394
ITDA,Trentino Alto Adige / Südtirol,2014,10379
ITDA,Trentino Alto Adige / Südtirol,2015,10173
ITDA,Trentino Alto Adige / Südtirol,2016,10089
ITDA,Trentino Alto Adige / Südtirol,2017,9846
ITDA,Trentino Alto Adige / Südtirol,2018,9637
ITDA,Trentino Alto Adige / Südtirol,2019,9473
ITDA,Trentino Alto Adige / Südtirol,2020,9239
ITDA,Trentino Alto Adige / Südtirol,2021,9363
ITDA,Trentino Alto Adige / Südtirol,2022,8923
ITD58,Forlì-Cesena,1999,2682
ITD58,Forlì-Cesena,2000,2999
ITD58,Forlì-Cesena,2001,3022
ITD58,Forlì-Cesena,2002,3149
ITD58,Forlì-Cesena,2003,3230
ITD58,Forlì-Cesena,2004,3483
ITD58,Forlì-Cesena,2005,3409
ITD58,Forlì-Cesena,2006,3590
ITD58,Forlì-Cesena,2007,3589
ITD58,Forlì-Cesena,2008,3720
ITD58,Forlì-Cesena,2009,3722
ITD58,Forlì-Cesena,2010,3768
ITD58,Forlì-Cesena,2011,3703
ITD58,Forlì-Cesena,2012,3572
ITD58,Forlì-Cesena,2013,3457
ITD58,Forlì-Cesena,2014,3273
ITD58,Forlì-Cesena,2015,3144
ITD58,Forlì-Cesena,2016,3051
ITD58,Forlì-Cesena,2017,2873
ITD58,Forlì-Cesena,2018,2829
ITD58,Forlì-Cesena,2019,2593
ITD58,Forlì-Cesena,2020,2539
ITD58,Forlì-Cesena,2021,2521
ITD58,Forlì-Cesena,2022,2617
ITE1,Toscana,1999,27093
ITE1,Toscana,2000,28386
ITE1,Toscana,2001,28385
ITE1,Toscana,2002,29384
ITE1,Toscana,2003,29000
ITE1,Toscana,2004,31695
ITE1,Toscana,2005,31390
ITE1,Toscana,2006,31595
ITE1,Toscana,2007,32258
ITE1,Toscana,2008,33610
ITE1,Toscana,2009,32380
ITE1,Toscana,2010,32636
ITE1,Toscana,2011,31574
ITE1,Toscana,2012,31126
ITE1,Toscana,2013,29479
ITE1,Toscana,2014,29118
ITE1,Toscana,2015,27494
ITE1,Toscana,2016,26916
ITE1,Toscana,2017,26092
ITE1,Toscana,2018,24863
ITE1,Toscana,2019,23451
ITE1,Toscana,2020,22380
ITE1,Toscana,2021,22592
ITE1,Toscana,2022,21610
ITE13,Pistoia,1999,2087
ITE13,Pistoia,2000,2262
ITE13,Pistoia,2001,2199
ITE13,Pistoia,2002,2302
ITE13,Pistoia,2003,2247
ITE13,Pistoia,2004,2449
ITE13,Pistoia,2005,2474
ITE13,Pistoia,2006,2507
ITE13,Pistoia,2007,2515
ITE13,Pistoia,2008,2717
ITE13,Pistoia,2009,2555
ITE13,Pistoia,2010,2508
ITE13,Pistoia,2011,2575
ITE13,Pistoia,2012,2403
ITE13,Pistoia,2013,2229
ITE13,Pistoia,2014,2279
ITE13,Pistoia,2015,2223
ITE13,Pistoia,2016,2045
ITE13,Pistoia,2017,2054
ITE13,Pistoia,2018,2041
ITE13,Pistoia,2019,1831
ITE13,Pistoia,2020,1746
ITE13,Pistoia,2021,1754
ITE13,Pistoia,2022,1715
ITE16,Livorno,1999,2374
ITE16,Livorno,2000,2428
ITE16,Livorno,2001,2478
ITE16,Livorno,2002,2502
ITE16,Livorno,2003,2515
ITE16,Livorno,2004,2691
ITE16,Livorno,2005,2633
ITE16,Livorno,2006,2758
ITE16,Livorno,2007,2840
ITE16,Livorno,2008,2787
ITE16,Livorno,2009,2814
ITE16,Livorno,2010,2790
ITE16,Livorno,2011,2676
ITE16,Livorno,2012,2657
ITE16,Livorno,2013,2432
ITE16,Livorno,2014,2433
ITE16,Livorno,2015,2365
ITE16,Livorno,2016,2205
ITE16,Livorno,2017,2187
ITE16,Livorno,2018,2137
ITE16,Livorno,2019,1949
ITE16,Livorno,2020,1825
ITE16,Livorno,2021,1850
ITE16,Livorno,2022,1821
ITE11,Massa-Carrara,1999,1359
ITE11,Massa-Carrara,2000,1401
ITE11,Massa-Carrara,2001,1416
ITE11,Massa-Carrara,2002,1507
ITE11,Massa-Carrara,2003,1423
ITE11,Massa-Carrara,2004,1504
ITE11,Massa-Carrara,2005,1512
ITE11,Massa-Carrara,2006,1565
ITE11,Massa-Carrara,2007,1587
ITE11,Massa-Carrara,2008,1690
ITE11,Massa-Carrara,2009,1479
ITE11,Massa-Carrara,2010,1525
ITE11,Massa-Carrara,2011,1531
ITE11,Massa-Carrara,2012,1507
ITE11,Massa-Carrara,2013,1347
ITE11,Massa-Carrara,2014,1333
ITE11,Massa-Carrara,2015,1216
ITE11,Massa-Carrara,2016,1187
ITE11,Massa-Carrara,2017,1223
ITE11,Massa-Carrara,2018,1107
ITE11,Massa-Carrara,2019,969
ITE11,Massa-Carrara,2020,953
ITE11,Massa-Carrara,2021,983
ITE11,Massa-Carrara,2022,972
ITE12,Lucca,1999,2831
ITE12,Lucca,2000,2877
ITE12,Lucca,2001,2997
ITE12,Lucca,2002,3012
ITE12,Lucca,2003,2989
ITE12,Lucca,2004,3130
ITE12,Lucca,2005,3190
ITE12,Lucca,2006,3256
ITE12,Lucca,2007,3320
ITE12,Lucca,2008,3512
ITE12,Lucca,2009,3170
ITE12,Lucca,2010,3252
ITE12,Lucca,2011,3119
ITE12,Lucca,2012,3191
ITE12,Lucca,2013,2946
ITE12,Lucca,2014,2858
ITE12,Lucca,2015,2690
ITE12,Lucca,2016,2635
ITE12,Lucca,2017,2540
ITE12,Lucca,2018,2420
ITE12,Lucca,2019,2366
ITE12,Lucca,2020,2151
ITE12,Lucca,2021,2244
ITE12,Lucca,2022,2048
ITE15,Prato,1999,2031
ITE15,Prato,2000,2170
ITE15,Prato,2001,2162
ITE15,Prato,2002,2279
ITE15,Prato,2003,2219
ITE15,Prato,2004,2545
ITE15,Prato,2005,2564
ITE15,Prato,2006,2683
ITE15,Prato,2007,2605
ITE15,Prato,2008,2634
ITE15,Prato,2009,2456
ITE15,Prato,2010,2541
ITE15,Prato,2011,2419
ITE15,Prato,2012,2394
ITE15,Prato,2013,2339
ITE15,Prato,2014,2207
ITE15,Prato,2015,2135
ITE15,Prato,2016,2108
ITE15,Prato,2017,2118
ITE15,Prato,2018,1838
ITE15,Prato,2019,1752
ITE15,Prato,2020,1685
ITE15,Prato,2021,1611
ITE15,Prato,2022,1487
ITE14,Firenze,1999,7670
ITE14,Firenze,2000,8233
ITE14,Firenze,2001,8013
ITE14,Firenze,2002,8429
ITE14,Firenze,2003,8121
ITE14,Firenze,2004,9120
ITE14,Firenze,2005,8767
ITE14,Firenze,2006,8416
ITE14,Firenze,2007,8493
ITE14,Firenze,2008,9186
ITE14,Firenze,2009,8774
ITE14,Firenze,2010,9041
ITE14,Firenze,2011,8478
ITE14,Firenze,2012,8532
ITE14,Firenze,2013,8235
ITE14,Firenze,2014,8099
ITE14,Firenze,2015,7513
ITE14,Firenze,2016,7571
ITE14,Firenze,2017,7208
ITE14,Firenze,2018,7022
ITE14,Firenze,2019,6610
ITE14,Firenze,2020,6333
ITE14,Firenze,2021,6395
ITE14,Firenze,2022,6228
ITE17,Pisa,1999,3013
ITE17,Pisa,2000,3121
ITE17,Pisa,2001,3101
ITE17,Pisa,2002,3122
ITE17,Pisa,2003,3137
ITE17,Pisa,2004,3428
ITE17,Pisa,2005,3494
ITE17,Pisa,2006,3554
ITE17,Pisa,2007,3745
ITE17,Pisa,2008,3842
ITE17,Pisa,2009,3880
ITE17,Pisa,2010,3829
ITE17,Pisa,2011,3723
ITE17,Pisa,2012,3675
ITE17,Pisa,2013,3623
ITE17,Pisa,2014,3566
ITE17,Pisa,2015,3378
ITE17,Pisa,2016,3276
ITE17,Pisa,2017,3134
ITE17,Pisa,2018,2916
ITE17,Pisa,2019,2824
ITE17,Pisa,2020,2743
ITE17,Pisa,2021,2731
ITE17,Pisa,2022,2587
ITE1A,Grosseto,1999,1433
ITE1A,Grosseto,2000,1410
ITE1A,Grosseto,2001,1474
ITE1A,Grosseto,2002,1528
ITE1A,Grosseto,2003,1567
ITE1A,Grosseto,2004,1650
ITE1A,Grosseto,2005,1669
ITE1A,Grosseto,2006,1697
ITE1A,Grosseto,2007,1743
ITE1A,Grosseto,2008,1853
ITE1A,Grosseto,2009,1782
ITE1A,Grosseto,2010,1752
ITE1A,Grosseto,2011,1737
ITE1A,Grosseto,2012,1593
ITE1A,Grosseto,2013,1483
ITE1A,Grosseto,2014,1473
ITE1A,Grosseto,2015,1467
ITE1A,Grosseto,2016,1416
ITE1A,Grosseto,2017,1332
ITE1A,Grosseto,2018,1357
ITE1A,Grosseto,2019,1174
ITE1A,Grosseto,2020,1205
ITE1A,Grosseto,2021,1168
ITE1A,Grosseto,2022,1175
ITE22,Terni,1999,1679
ITE22,Terni,2000,1700
ITE22,Terni,2001,1627
ITE22,Terni,2002,1671
ITE22,Terni,2003,1642
ITE22,Terni,2004,1850
ITE22,Terni,2005,1784
ITE22,Terni,2006,1823
ITE22,Terni,2007,1963
ITE22,Terni,2008,1923
ITE22,Terni,2009,1754
ITE22,Terni,2010,1966
ITE22,Terni,2011,1731
ITE22,Terni,2012,1791
ITE22,Terni,2013,1746
ITE22,Terni,2014,1657
ITE22,Terni,2015,1464
ITE22,Terni,2016,1452
ITE22,Terni,2017,1379
ITE22,Terni,2018,1352
ITE22,Terni,2019,1280
ITE22,Terni,2020,1251
ITE22,Terni,2021,1227
ITE22,Terni,2022,1138
ITE18,Arezzo,1999,2405
ITE18,Arezzo,2000,2525
ITE18,Arezzo,2001,2603
ITE18,Arezzo,2002,2681
ITE18,Arezzo,2003,2684
ITE18,Arezzo,2004,2951
ITE18,Arezzo,2005,2885
ITE18,Arezzo,2006,2944
ITE18,Arezzo,2007,3021
ITE18,Arezzo,2008,3073
ITE18,Arezzo,2009,3044
ITE18,Arezzo,2010,2975
ITE18,Arezzo,2011,2976
ITE18,Arezzo,2012,2895
ITE18,Arezzo,2013,2652
ITE18,Arezzo,2014,2717
ITE18,Arezzo,2015,2465
ITE18,Arezzo,2016,2489
ITE18,Arezzo,2017,2425
ITE18,Arezzo,2018,2225
ITE18,Arezzo,2019,2217
ITE18,Arezzo,2020,2155
ITE18,Arezzo,2021,2170
ITE18,Arezzo,2022,2003
ITE2,Umbria,1999,6612
ITE2,Umbria,2000,6786
ITE2,Umbria,2001,6761
ITE2,Umbria,2002,7099
ITE2,Umbria,2003,7115
ITE2,Umbria,2004,7617
ITE2,Umbria,2005,7732
ITE2,Umbria,2006,7822
ITE2,Umbria,2007,8028
ITE2,Umbria,2008,8271
ITE2,Umbria,2009,7879
ITE2,Umbria,2010,7933
ITE2,Umbria,2011,7740
ITE2,Umbria,2012,7596
ITE2,Umbria,2013,7375
ITE2,Umbria,2014,7015
ITE2,Umbria,2015,6542
ITE2,Umbria,2016,6353
ITE2,Umbria,2017,6116
ITE2,Umbria,2018,5792
ITE2,Umbria,2019,5577
ITE2,Umbria,2020,5268
ITE2,Umbria,2021,5238
ITE2,Umbria,2022,4926
ITE21,Perugia,1999,4933
ITE21,Perugia,2000,5086
ITE21,Perugia,2001,5134
ITE21,Perugia,2002,5428
ITE21,Perugia,2003,5473
ITE21,Perugia,2004,5767
ITE21,Perugia,2005,5948
ITE21,Perugia,2006,5999
ITE21,Perugia,2007,6065
ITE21,Perugia,2008,6348
ITE21,Perugia,2009,6125
ITE21,Perugia,2010,5967
ITE21,Perugia,2011,6009
ITE21,Perugia,2012,5805
ITE21,Perugia,2013,5629
ITE21,Perugia,2014,5358
ITE21,Perugia,2015,5078
ITE21,Perugia,2016,4901
ITE21,Perugia,2017,4737
ITE21,Perugia,2018,4440
ITE21,Perugia,2019,4297
ITE21,Perugia,2020,4017
ITE21,Perugia,2021,4011
ITE21,Perugia,2022,3788
ITE19,Siena,1999,1890
ITE19,Siena,2000,1959
ITE19,Siena,2001,1942
ITE19,Siena,2002,2022
ITE19,Siena,2003,2098
ITE19,Siena,2004,2227
ITE19,Siena,2005,2202
ITE19,Siena,2006,2215
ITE19,Siena,2007,2389
ITE19,Siena,2008,2316
ITE19,Siena,2009,2426
ITE19,Siena,2010,2423
ITE19,Siena,2011,2340
ITE19,Siena,2012,2279
ITE19,Siena,2013,2193
ITE19,Siena,2014,2153
ITE19,Siena,2015,2042
ITE19,Siena,2016,1984
ITE19,Siena,2017,1871
ITE19,Siena,2018,1800
ITE19,Siena,2019,1759
ITE19,Siena,2020,1584
ITE19,Siena,2021,1686
ITE19,Siena,2022,1574
ITE31,Pesaro e Urbino,1999,2909
ITE31,Pesaro e Urbino,2000,3053
ITE31,Pesaro e Urbino,2001,2999
ITE31,Pesaro e Urbino,2002,3025
ITE31,Pesaro e Urbino,2003,3101
ITE31,Pesaro e Urbino,2004,3136
ITE31,Pesaro e Urbino,2005,3302
ITE31,Pesaro e Urbino,2006,3321
ITE31,Pesaro e Urbino,2007,3375
ITE31,Pesaro e Urbino,2008,3523
ITE31,Pesaro e Urbino,2009,3498
ITE31,Pesaro e Urbino,2010,3396
ITE31,Pesaro e Urbino,2011,3470
ITE31,Pesaro e Urbino,2012,3172
ITE31,Pesaro e Urbino,2013,3076
ITE31,Pesaro e Urbino,2014,2931
ITE31,Pesaro e Urbino,2015,2840
ITE31,Pesaro e Urbino,2016,2717
ITE31,Pesaro e Urbino,2017,2528
ITE31,Pesaro e Urbino,2018,2378
ITE31,Pesaro e Urbino,2019,2268
ITE31,Pesaro e Urbino,2020,2161
ITE31,Pesaro e Urbino,2021,2182
ITE31,Pesaro e Urbino,2022,2122
ITE34,Ascoli Piceno,1999,3140
ITE34,Ascoli Piceno,2000,3203
ITE34,Ascoli Piceno,2001,2977
ITE34,Ascoli Piceno,2002,1639
ITE34,Ascoli Piceno,2003,1641
ITE34,Ascoli Piceno,2004,1749
ITE34,Ascoli Piceno,2005,1646
ITE34,Ascoli Piceno,2006,1769
ITE34,Ascoli Piceno,2007,1697
ITE34,Ascoli Piceno,2008,1844
ITE34,Ascoli Piceno,2009,1762
ITE34,Ascoli Piceno,2010,1762
ITE34,Ascoli Piceno,2011,1709
ITE34,Ascoli Piceno,2012,1659
ITE34,Ascoli Piceno,2013,1618
ITE34,Ascoli Piceno,2014,1652
ITE34,Ascoli Piceno,2015,1512
ITE34,Ascoli Piceno,2016,1504
ITE34,Ascoli Piceno,2017,1364
ITE34,Ascoli Piceno,2018,1310
ITE34,Ascoli Piceno,2019,1251
ITE34,Ascoli Piceno,2020,1239
ITE34,Ascoli Piceno,2021,1202
ITE34,Ascoli Piceno,2022,1191
ITE33,Macerata,1999,2468
ITE33,Macerata,2000,2545
ITE33,Macerata,2001,2439
ITE33,Macerata,2002,2561
ITE33,Macerata,2003,2699
ITE33,Macerata,2004,2732
ITE33,Macerata,2005,2780
ITE33,Macerata,2006,2811
ITE33,Macerata,2007,2908
ITE33,Macerata,2008,2927
ITE33,Macerata,2009,3014
ITE33,Macerata,2010,2981
ITE33,Macerata,2011,2888
ITE33,Macerata,2012,2759
ITE33,Macerata,2013,2630
ITE33,Macerata,2014,2631
ITE33,Macerata,2015,2544
ITE33,Macerata,2016,2477
ITE33,Macerata,2017,2330
ITE33,Macerata,2018,2211
ITE33,Macerata,2019,2115
ITE33,Macerata,2020,2061
ITE33,Macerata,2021,2007
ITE33,Macerata,2022,1852
ITE32,Ancona,1999,3673
ITE32,Ancona,2000,3648
ITE32,Ancona,2001,3707
ITE32,Ancona,2002,3971
ITE32,Ancona,2003,3883
ITE32,Ancona,2004,4175
ITE32,Ancona,2005,4120
ITE32,Ancona,2006,4229
ITE32,Ancona,2007,4356
ITE32,Ancona,2008,4697
ITE32,Ancona,2009,4604
ITE32,Ancona,2010,4428
ITE32,Ancona,2011,4267
ITE32,Ancona,2012,4154
ITE32,Ancona,2013,3870
ITE32,Ancona,2014,3824
ITE32,Ancona,2015,3665
ITE32,Ancona,2016,3472
ITE32,Ancona,2017,3244
ITE32,Ancona,2018,3110
ITE32,Ancona,2019,2973
ITE32,Ancona,2020,2893
ITE32,Ancona,2021,2834
ITE32,Ancona,2022,2643
ITE4,Lazio,1999,50658
ITE4,Lazio,2000,48884
ITE4,Lazio,2001,47761
ITE4,Lazio,2002,48497
ITE4,Lazio,2003,50490
ITE4,Lazio,2004,52032
ITE4,Lazio,2005,50833
ITE4,Lazio,2006,52913
ITE4,Lazio,2007,52445
ITE4,Lazio,2008,56755
ITE4,Lazio,2009,54701
ITE4,Lazio,2010,54277
ITE4,Lazio,2011,54427
ITE4,Lazio,2012,53033
ITE4,Lazio,2013,52187
ITE4,Lazio,2014,50360
ITE4,Lazio,2015,48231
ITE4,Lazio,2016,47595
ITE4,Lazio,2017,44573
ITE4,Lazio,2018,42150
ITE4,Lazio,2019,38885
ITE4,Lazio,2020,37982
ITE4,Lazio,2021,37237
ITE4,Lazio,2022,36062
ITE3,Marche,1999,12190
ITE3,Marche,2000,12449
ITE3,Marche,2001,12122
ITE3,Marche,2002,12610
ITE3,Marche,2003,12745
ITE3,Marche,2004,13249
ITE3,Marche,2005,13305
ITE3,Marche,2006,13597
ITE3,Marche,2007,13902
ITE3,Marche,2008,14487
ITE3,Marche,2009,14466
ITE3,Marche,2010,14085
ITE3,Marche,2011,13856
ITE3,Marche,2012,13196
ITE3,Marche,2013,12633
ITE3,Marche,2014,12363
ITE3,Marche,2015,11904
ITE3,Marche,2016,11482
ITE3,Marche,2017,10669
ITE3,Marche,2018,10171
ITE3,Marche,2019,9667
ITE3,Marche,2020,9432
ITE3,Marche,2021,9222
ITE3,Marche,2022,8788
ITE42,Rieti,1999,1223
ITE42,Rieti,2000,1182
ITE42,Rieti,2001,1114
ITE42,Rieti,2002,1171
ITE42,Rieti,2003,1134
ITE42,Rieti,2004,1195
ITE42,Rieti,2005,1169
ITE42,Rieti,2006,1257
ITE42,Rieti,2007,1233
ITE42,Rieti,2008,1288
ITE42,Rieti,2009,1324
ITE42,Rieti,2010,1221
ITE42,Rieti,2011,1289
ITE42,Rieti,2012,1247
ITE42,Rieti,2013,1177
ITE42,Rieti,2014,1123
ITE42,Rieti,2015,1141
ITE42,Rieti,2016,1024
ITE42,Rieti,2017,1008
ITE42,Rieti,2018,924
ITE42,Rieti,2019,932
ITE42,Rieti,2020,907
ITE42,Rieti,2021,866
ITE42,Rieti,2022,846
ITE45,Frosinone,1999,4194
ITE45,Frosinone,2000,4245
ITE45,Frosinone,2001,4005
ITE45,Frosinone,2002,4052
ITE45,Frosinone,2003,4097
ITE45,Frosinone,2004,4139
ITE45,Frosinone,2005,4096
ITE45,Frosinone,2006,4173
ITE45,Frosinone,2007,4320
ITE45,Frosinone,2008,4368
ITE45,Frosinone,2009,4313
ITE45,Frosinone,2010,4422
ITE45,Frosinone,2011,4160
ITE45,Frosinone,2012,4255
ITE45,Frosinone,2013,4063
ITE45,Frosinone,2014,3925
ITE45,Frosinone,2015,3869
ITE45,Frosinone,2016,3970
ITE45,Frosinone,2017,3643
ITE45,Frosinone,2018,3364
ITE45,Frosinone,2019,3207
ITE45,Frosinone,2020,3162
ITE45,Frosinone,2021,2996
ITE45,Frosinone,2022,2953
ITF1,Abruzzo,1999,10768
ITF1,Abruzzo,2000,10882
ITF1,Abruzzo,2001,10867
ITF1,Abruzzo,2002,10580
ITF1,Abruzzo,2003,10971
ITF1,Abruzzo,2004,11101
ITF1,Abruzzo,2005,11200
ITF1,Abruzzo,2006,11087
ITF1,Abruzzo,2007,11428
ITF1,Abruzzo,2008,11743
ITF1,Abruzzo,2009,11402
ITF1,Abruzzo,2010,11737
ITF1,Abruzzo,2011,11338
ITF1,Abruzzo,2012,11188
ITF1,Abruzzo,2013,10791
ITF1,Abruzzo,2014,10534
ITF1,Abruzzo,2015,10238
ITF1,Abruzzo,2016,10074
ITF1,Abruzzo,2017,9521
ITF1,Abruzzo,2018,8937
ITF1,Abruzzo,2019,8500
ITF1,Abruzzo,2020,8237
ITF1,Abruzzo,2021,8290
ITF1,Abruzzo,2022,8023
ITE41,Viterbo,1999,2249
ITE41,Viterbo,2000,2305
ITE41,Viterbo,2001,2294
ITE41,Viterbo,2002,2220
ITE41,Viterbo,2003,2299
ITE41,Viterbo,2004,2334
ITE41,Viterbo,2005,2311
ITE41,Viterbo,2006,2496
ITE41,Viterbo,2007,2499
ITE41,Viterbo,2008,2642
ITE41,Viterbo,2009,2696
ITE41,Viterbo,2010,2645
ITE41,Viterbo,2011,2672
ITE41,Viterbo,2012,2644
ITE41,Viterbo,2013,2465
ITE41,Viterbo,2014,2485
ITE41,Viterbo,2015,2350
ITE41,Viterbo,2016,2279
ITE41,Viterbo,2017,2101
ITE41,Viterbo,2018,2101
ITE41,Viterbo,2019,1885
ITE41,Viterbo,2020,1816
ITE41,Viterbo,2021,1777
ITE41,Viterbo,2022,1769
ITE44,Latina,1999,5000
ITE44,Latina,2000,5031
ITE44,Latina,2001,4781
ITE44,Latina,2002,4899
ITE44,Latina,2003,4962
ITE44,Latina,2004,5020
ITE44,Latina,2005,4916
ITE44,Latina,2006,5152
ITE44,Latina,2007,5123
ITE44,Latina,2008,5500
ITE44,Latina,2009,5512
ITE44,Latina,2010,5600
ITE44,Latina,2011,5462
ITE44,Latina,2012,5430
ITE44,Latina,2013,5254
ITE44,Latina,2014,5150
ITE44,Latina,2015,4871
ITE44,Latina,2016,4793
ITE44,Latina,2017,4758
ITE44,Latina,2018,4566
ITE44,Latina,2019,4206
ITE44,Latina,2020,3973
ITE44,Latina,2021,4053
ITE44,Latina,2022,3816
ITF,Sud,1999,149914
ITF,Sud,2000,148464
ITF,Sud,2001,146071
ITF,Sud,2002,142316
ITF,Sud,2003,142594
ITF,Sud,2004,143330
ITF,Sud,2005,138177
ITF,Sud,2006,136877
ITF,Sud,2007,136939
ITF,Sud,2008,136194
ITF,Sud,2009,134145
ITF,Sud,2010,132041
ITF,Sud,2011,127942
ITF,Sud,2012,124721
ITF,Sud,2013,120321
ITF,Sud,2014,117794
ITF,Sud,2015,115499
ITF,Sud,2016,113731
ITF,Sud,2017,111309
ITF,Sud,2018,106713
ITF,Sud,2019,102907
ITF,Sud,2020,98972
ITF,Sud,2021,96308
ITF,Sud,2022,97148
ITE43,Roma,1999,37992
ITE43,Roma,2000,36121
ITE43,Roma,2001,35567
ITE43,Roma,2002,36155
ITE43,Roma,2003,37998
ITE43,Roma,2004,39344
ITE43,Roma,2005,38341
ITE43,Roma,2006,39835
ITE43,Roma,2007,39270
ITE43,Roma,2008,42957
ITE43,Roma,2009,40856
ITE43,Roma,2010,40389
ITE43,Roma,2011,40844
ITE43,Roma,2012,39457
ITE43,Roma,2013,39228
ITE43,Roma,2014,37677
ITE43,Roma,2015,36000
ITE43,Roma,2016,35529
ITE43,Roma,2017,33063
ITE43,Roma,2018,31195
ITE43,Roma,2019,28655
ITE43,Roma,2020,28124
ITE43,Roma,2021,27545
ITE43,Roma,2022,26678
ITF13,Pescara,1999,2611
ITF13,Pescara,2000,2675
ITF13,Pescara,2001,2688
ITF13,Pescara,2002,2610
ITF13,Pescara,2003,2706
ITF13,Pescara,2004,2778
ITF13,Pescara,2005,2769
ITF13,Pescara,2006,2886
ITF13,Pescara,2007,2908
ITF13,Pescara,2008,3014
ITF13,Pescara,2009,2847
ITF13,Pescara,2010,2972
ITF13,Pescara,2011,2908
ITF13,Pescara,2012,2772
ITF13,Pescara,2013,2758
ITF13,Pescara,2014,2690
ITF13,Pescara,2015,2562
ITF13,Pescara,2016,2552
ITF13,Pescara,2017,2342
ITF13,Pescara,2018,2205
ITF13,Pescara,2019,2168
ITF13,Pescara,2020,2129
ITF13,Pescara,2021,2193
ITF13,Pescara,2022,2057
ITF11,L'Aquila,1999,2382
ITF11,L'Aquila,2000,2340
ITF11,L'Aquila,2001,2457
ITF11,L'Aquila,2002,2276
ITF11,L'Aquila,2003,2438
ITF11,L'Aquila,2004,2478
ITF11,L'Aquila,2005,2413
ITF11,L'Aquila,2006,2348
ITF11,L'Aquila,2007,2483
ITF11,L'Aquila,2008,2501
ITF11,L'Aquila,2009,2467
ITF11,L'Aquila,2010,2616
ITF11,L'Aquila,2011,2560
ITF11,L'Aquila,2012,2606
ITF11,L'Aquila,2013,2436
ITF11,L'Aquila,2014,2360
ITF11,L'Aquila,2015,2376
ITF11,L'Aquila,2016,2265
ITF11,L'Aquila,2017,2153
ITF11,L'Aquila,2018,2066
ITF11,L'Aquila,2019,1877
ITF11,L'Aquila,2020,1868
ITF11,L'Aquila,2021,1730
ITF11,L'Aquila,2022,1772
ITF14,Chieti,1999,3262
ITF14,Chieti,2000,3264
ITF14,Chieti,2001,3158
ITF14,Chieti,2002,3171
ITF14,Chieti,2003,3220
ITF14,Chieti,2004,3149
ITF14,Chieti,2005,3234
ITF14,Chieti,2006,3242
ITF14,Chieti,2007,3307
ITF14,Chieti,2008,3406
ITF14,Chieti,2009,3350
ITF14,Chieti,2010,3413
ITF14,Chieti,2011,3222
ITF14,Chieti,2012,3224
ITF14,Chieti,2013,3000
ITF14,Chieti,2014,3010
ITF14,Chieti,2015,2902
ITF14,Chieti,2016,2851
ITF14,Chieti,2017,2706
ITF14,Chieti,2018,2563
ITF14,Chieti,2019,2425
ITF14,Chieti,2020,2294
ITF14,Chieti,2021,2396
ITF14,Chieti,2022,2260
ITF12,Teramo,1999,2513
ITF12,Teramo,2000,2603
ITF12,Teramo,2001,2564
ITF12,Teramo,2002,2523
ITF12,Teramo,2003,2607
ITF12,Teramo,2004,2696
ITF12,Teramo,2005,2784
ITF12,Teramo,2006,2611
ITF12,Teramo,2007,2730
ITF12,Teramo,2008,2822
ITF12,Teramo,2009,2738
ITF12,Teramo,2010,2736
ITF12,Teramo,2011,2648
ITF12,Teramo,2012,2586
ITF12,Teramo,2013,2597
ITF12,Teramo,2014,2474
ITF12,Teramo,2015,2398
ITF12,Teramo,2016,2406
ITF12,Teramo,2017,2320
ITF12,Teramo,2018,2103
ITF12,Teramo,2019,2030
ITF12,Teramo,2020,1946
ITF12,Teramo,2021,1971
ITF12,Teramo,2022,1934
ITF2,Molise,1999,2776
ITF2,Molise,2000,2671
ITF2,Molise,2001,2567
ITF2,Molise,2002,2600
ITF2,Molise,2003,2611
ITF2,Molise,2004,2549
ITF2,Molise,2005,2527
ITF2,Molise,2006,2461
ITF2,Molise,2007,2507
ITF2,Molise,2008,2507
ITF2,Molise,2009,2360
ITF2,Molise,2010,2511
ITF2,Molise,2011,2375
ITF2,Molise,2012,2332
ITF2,Molise,2013,2269
ITF2,Molise,2014,2213
ITF2,Molise,2015,2181
ITF2,Molise,2016,2088
ITF2,Molise,2017,2120
ITF2,Molise,2018,1895
ITF2,Molise,2019,1927
ITF2,Molise,2020,1713
ITF2,Molise,2021,1685
ITF2,Molise,2022,1683
ITF21,Isernia,1999,692
ITF21,Isernia,2000,692
ITF21,Isernia,2001,680
ITF21,Isernia,2002,675
ITF21,Isernia,2003,669
ITF21,Isernia,2004,654
ITF21,Isernia,2005,689
ITF21,Isernia,2006,642
ITF21,Isernia,2007,671
ITF21,Isernia,2008,676
ITF21,Isernia,2009,662
ITF21,Isernia,2010,664
ITF21,Isernia,2011,628
ITF21,Isernia,2012,654
ITF21,Isernia,2013,641
ITF21,Isernia,2014,633
ITF21,Isernia,2015,643
ITF21,Isernia,2016,588
ITF21,Isernia,2017,599
ITF21,Isernia,2018,569
ITF21,Isernia,2019,578
ITF21,Isernia,2020,462
ITF21,Isernia,2021,483
ITF21,Isernia,2022,503
ITF31,Caserta,1999,10277
ITF31,Caserta,2000,9964
ITF31,Caserta,2001,10160
ITF31,Caserta,2002,9919
ITF31,Caserta,2003,10008
ITF31,Caserta,2004,10211
ITF31,Caserta,2005,9730
ITF31,Caserta,2006,9805
ITF31,Caserta,2007,9792
ITF31,Caserta,2008,9738
ITF31,Caserta,2009,9742
ITF31,Caserta,2010,9635
ITF31,Caserta,2011,9195
ITF31,Caserta,2012,8888
ITF31,Caserta,2013,8582
ITF31,Caserta,2014,8334
ITF31,Caserta,2015,8435
ITF31,Caserta,2016,8238
ITF31,Caserta,2017,8090
ITF31,Caserta,2018,7928
ITF31,Caserta,2019,7447
ITF31,Caserta,2020,7539
ITF31,Caserta,2021,7109
ITF31,Caserta,2022,7564
ITF34,Avellino,1999,4262
ITF34,Avellino,2000,4064
ITF34,Avellino,2001,3897
ITF34,Avellino,2002,3925
ITF34,Avellino,2003,3946
ITF34,Avellino,2004,4008
ITF34,Avellino,2005,3772
ITF34,Avellino,2006,3736
ITF34,Avellino,2007,3780
ITF34,Avellino,2008,3805
ITF34,Avellino,2009,3665
ITF34,Avellino,2010,3600
ITF34,Avellino,2011,3376
ITF34,Avellino,2012,3344
ITF34,Avellino,2013,3267
ITF34,Avellino,2014,3140
ITF34,Avellino,2015,3097
ITF34,Avellino,2016,3119
ITF34,Avellino,2017,3098
ITF34,Avellino,2018,2882
ITF34,Avellino,2019,2775
ITF34,Avellino,2020,2605
ITF34,Avellino,2021,2601
ITF34,Avellino,2022,2598
ITF32,Benevento,1999,2710
ITF32,Benevento,2000,2769
ITF32,Benevento,2001,2613
ITF32,Benevento,2002,2608
ITF32,Benevento,2003,2561
ITF32,Benevento,2004,2555
ITF32,Benevento,2005,2491
ITF32,Benevento,2006,2434
ITF32,Benevento,2007,2508
ITF32,Benevento,2008,2412
ITF32,Benevento,2009,2418
ITF32,Benevento,2010,2316
ITF32,Benevento,2011,2270
ITF32,Benevento,2012,2122
ITF32,Benevento,2013,2208
ITF32,Benevento,2014,2079
ITF32,Benevento,2015,2044
ITF32,Benevento,2016,2076
ITF32,Benevento,2017,2044
ITF32,Benevento,2018,1932
ITF32,Benevento,2019,1938
ITF32,Benevento,2020,1803
ITF32,Benevento,2021,1672
ITF32,Benevento,2022,1792
ITF35,Salerno,1999,11618
ITF35,Salerno,2000,11258
ITF35,Salerno,2001,10935
ITF35,Salerno,2002,10607
ITF35,Salerno,2003,10691
ITF35,Salerno,2004,10613
ITF35,Salerno,2005,10450
ITF35,Salerno,2006,10307
ITF35,Salerno,2007,10257
ITF35,Salerno,2008,10247
ITF35,Salerno,2009,10216
ITF35,Salerno,2010,9945
ITF35,Salerno,2011,9881
ITF35,Salerno,2012,9769
ITF35,Salerno,2013,9193
ITF35,Salerno,2014,9208
ITF35,Salerno,2015,9014
ITF35,Salerno,2016,8872
ITF35,Salerno,2017,8720
ITF35,Salerno,2018,8476
ITF35,Salerno,2019,8411
ITF35,Salerno,2020,7975
ITF35,Salerno,2021,7782
ITF35,Salerno,2022,7805
ITF3,Campania,1999,68669
ITF3,Campania,2000,67181
ITF3,Campania,2001,66587
ITF3,Campania,2002,65068
ITF3,Campania,2003,65194
ITF3,Campania,2004,65102
ITF3,Campania,2005,62599
ITF3,Campania,2006,62279
ITF3,Campania,2007,61800
ITF3,Campania,2008,60742
ITF3,Campania,2009,59646
ITF3,Campania,2010,58212
ITF3,Campania,2011,56520
ITF3,Campania,2012,54839
ITF3,Campania,2013,52785
ITF3,Campania,2014,51243
ITF3,Campania,2015,51005
ITF3,Campania,2016,50384
ITF3,Campania,2017,49949
ITF3,Campania,2018,48066
ITF3,Campania,2019,46731
ITF3,Campania,2020,45078
ITF3,Campania,2021,43403
ITF3,Campania,2022,44469
ITF33,Napoli,1999,39802
ITF33,Napoli,2000,39126
ITF33,Napoli,2001,38982
ITF33,Napoli,2002,38009
ITF33,Napoli,2003,37988
ITF33,Napoli,2004,37715
ITF33,Napoli,2005,36156
ITF33,Napoli,2006,35997
ITF33,Napoli,2007,35463
ITF33,Napoli,2008,34540
ITF33,Napoli,2009,33605
ITF33,Napoli,2010,32716
ITF33,Napoli,2011,31798
ITF33,Napoli,2012,30716
ITF33,Napoli,2013,29535
ITF33,Napoli,2014,28482
ITF33,Napoli,2015,28415
ITF33,Napoli,2016,28079
ITF33,Napoli,2017,27997
ITF33,Napoli,2018,26848
ITF33,Napoli,2019,26160
ITF33,Napoli,2020,25156
ITF33,Napoli,2021,24239
ITF33,Napoli,2022,24710
ITF22,Campobasso,1999,2084
ITF22,Campobasso,2000,1979
ITF22,Campobasso,2001,1887
ITF22,Campobasso,2002,1925
ITF22,Campobasso,2003,1942
ITF22,Campobasso,2004,1895
ITF22,Campobasso,2005,1838
ITF22,Campobasso,2006,1819
ITF22,Campobasso,2007,1836
ITF22,Campobasso,2008,1831
ITF22,Campobasso,2009,1698
ITF22,Campobasso,2010,1847
ITF22,Campobasso,2011,1747
ITF22,Campobasso,2012,1678
ITF22,Campobasso,2013,1628
ITF22,Campobasso,2014,1580
ITF22,Campobasso,2015,1538
ITF22,Campobasso,2016,1500
ITF22,Campobasso,2017,1521
ITF22,Campobasso,2018,1326
ITF22,Campobasso,2019,1349
ITF22,Campobasso,2020,1251
ITF22,Campobasso,2021,1202
ITF22,Campobasso,2022,1180
ITF42,Bari,1999,17104
ITF42,Bari,2000,17219
ITF42,Bari,2001,16948
ITF42,Bari,2002,12503
ITF42,Bari,2003,12506
ITF42,Bari,2004,12528
ITF42,Bari,2005,11978
ITF42,Bari,2006,11653
ITF42,Bari,2007,11639
ITF42,Bari,2008,11697
ITF42,Bari,2009,11493
ITF42,Bari,2010,11540
ITF42,Bari,2011,11437
ITF42,Bari,2012,10871
ITF42,Bari,2013,10521
ITF42,Bari,2014,10386
ITF42,Bari,2015,10041
ITF42,Bari,2016,9916
ITF42,Bari,2017,9728
ITF42,Bari,2018,9398
ITF42,Bari,2019,8919
ITF42,Bari,2020,8408
ITF42,Bari,2021,8506
ITF42,Bari,2022,8566
ITF45,Lecce,1999,7478
ITF45,Lecce,2000,7798
ITF45,Lecce,2001,7639
ITF45,Lecce,2002,7437
ITF45,Lecce,2003,7420
ITF45,Lecce,2004,7575
ITF45,Lecce,2005,7141
ITF45,Lecce,2006,7027
ITF45,Lecce,2007,7123
ITF45,Lecce,2008,7093
ITF45,Lecce,2009,6795
ITF45,Lecce,2010,6878
ITF45,Lecce,2011,6488
ITF45,Lecce,2012,6572
ITF45,Lecce,2013,6276
ITF45,Lecce,2014,5988
ITF45,Lecce,2015,5720
ITF45,Lecce,2016,5647
ITF45,Lecce,2017,5467
ITF45,Lecce,2018,5346
ITF45,Lecce,2019,5064
ITF45,Lecce,2020,4832
ITF45,Lecce,2021,4852
ITF45,Lecce,2022,4866
ITF44,Brindisi,1999,4089
ITF44,Brindisi,2000,3993
ITF44,Brindisi,2001,3871
ITF44,Brindisi,2002,3796
ITF44,Brindisi,2003,3599
ITF44,Brindisi,2004,3696
ITF44,Brindisi,2005,3525
ITF44,Brindisi,2006,3617
ITF44,Brindisi,2007,3547
ITF44,Brindisi,2008,3582
ITF44,Brindisi,2009,3598
ITF44,Brindisi,2010,3418
ITF44,Brindisi,2011,3357
ITF44,Brindisi,2012,3206
ITF44,Brindisi,2013,3250
ITF44,Brindisi,2014,3098
ITF44,Brindisi,2015,2922
ITF44,Brindisi,2016,2844
ITF44,Brindisi,2017,2690
ITF44,Brindisi,2018,2629
ITF44,Brindisi,2019,2432
ITF44,Brindisi,2020,2485
ITF44,Brindisi,2021,2418
ITF44,Brindisi,2022,2512
ITF41,Foggia,1999,7935
ITF41,Foggia,2000,7892
ITF41,Foggia,2001,7558
ITF41,Foggia,2002,6852
ITF41,Foggia,2003,6840
ITF41,Foggia,2004,6797
ITF41,Foggia,2005,6511
ITF41,Foggia,2006,6220
ITF41,Foggia,2007,6181
ITF41,Foggia,2008,6235
ITF41,Foggia,2009,6270
ITF41,Foggia,2010,6021
ITF41,Foggia,2011,5767
ITF41,Foggia,2012,5607
ITF41,Foggia,2013,5490
ITF41,Foggia,2014,5388
ITF41,Foggia,2015,5288
ITF41,Foggia,2016,5078
ITF41,Foggia,2017,4789
ITF41,Foggia,2018,4639
ITF41,Foggia,2019,4483
ITF41,Foggia,2020,4366
ITF41,Foggia,2021,4176
ITF41,Foggia,2022,4178
ITF4,Puglia,1999,42444
ITF4,Puglia,2000,42647
ITF4,Puglia,2001,41837
ITF4,Puglia,2002,40145
ITF4,Puglia,2003,39744
ITF4,Puglia,2004,40569
ITF4,Puglia,2005,38715
ITF4,Puglia,2006,37764
ITF4,Puglia,2007,38224
ITF4,Puglia,2008,38284
ITF4,Puglia,2009,37995
ITF4,Puglia,2010,37168
ITF4,Puglia,2011,36007
ITF4,Puglia,2012,34852
ITF4,Puglia,2013,33679
ITF4,Puglia,2014,33191
ITF4,Puglia,2015,31577
ITF4,Puglia,2016,31132
ITF4,Puglia,2017,30033
ITF4,Puglia,2018,28921
ITF4,Puglia,2019,27586
ITF4,Puglia,2020,26455
ITF4,Puglia,2021,26381
ITF4,Puglia,2022,26301
ITF43,Taranto,1999,5838
ITF43,Taranto,2000,5745
ITF43,Taranto,2001,5821
ITF43,Taranto,2002,4993
ITF43,Taranto,2003,4934
ITF43,Taranto,2004,5547
ITF43,Taranto,2005,5372
ITF43,Taranto,2006,5081
ITF43,Taranto,2007,5567
ITF43,Taranto,2008,5708
ITF43,Taranto,2009,5882
ITF43,Taranto,2010,5447
ITF43,Taranto,2011,5286
ITF43,Taranto,2012,5141
ITF43,Taranto,2013,4826
ITF43,Taranto,2014,4887
ITF43,Taranto,2015,4479
ITF43,Taranto,2016,4400
ITF43,Taranto,2017,4245
ITF43,Taranto,2018,3904
ITF43,Taranto,2019,3801
ITF43,Taranto,2020,3599
ITF43,Taranto,2021,3587
ITF43,Taranto,2022,3475
ITF51,Potenza,1999,3679
ITF51,Potenza,2000,3607
ITF51,Potenza,2001,3520
ITF51,Potenza,2002,3507
ITF51,Potenza,2003,3301
ITF51,Potenza,2004,3349
ITF51,Potenza,2005,3141
ITF51,Potenza,2006,3187
ITF51,Potenza,2007,3115
ITF51,Potenza,2008,3127
ITF51,Potenza,2009,3075
ITF51,Potenza,2010,2939
ITF51,Potenza,2011,2838
ITF51,Potenza,2012,2899
ITF51,Potenza,2013,2578
ITF51,Potenza,2014,2612
ITF51,Potenza,2015,2660
ITF51,Potenza,2016,2521
ITF51,Potenza,2017,2585
ITF51,Potenza,2018,2334
ITF51,Potenza,2019,2337
ITF51,Potenza,2020,2258
ITF51,Potenza,2021,2064
ITF51,Potenza,2022,2070
ITF61,Cosenza,1999,6623
ITF61,Cosenza,2000,6560
ITF61,Cosenza,2001,6368
ITF61,Cosenza,2002,6429
ITF61,Cosenza,2003,6443
ITF61,Cosenza,2004,6362
ITF61,Cosenza,2005,6183
ITF61,Cosenza,2006,6288
ITF61,Cosenza,2007,6124
ITF61,Cosenza,2008,6121
ITF61,Cosenza,2009,6314
ITF61,Cosenza,2010,5911
ITF61,Cosenza,2011,6020
ITF61,Cosenza,2012,5763
ITF61,Cosenza,2013,5818
ITF61,Cosenza,2014,5671
ITF61,Cosenza,2015,5724
ITF61,Cosenza,2016,5622
ITF61,Cosenza,2017,5431
ITF61,Cosenza,2018,5260
ITF61,Cosenza,2019,5029
ITF61,Cosenza,2020,4825
ITF61,Cosenza,2021,4608
ITF61,Cosenza,2022,4645
ITF52,Matera,1999,1966
ITF52,Matera,2000,2055
ITF52,Matera,2001,1919
ITF52,Matera,2002,1965
ITF52,Matera,2003,1964
ITF52,Matera,2004,1948
ITF52,Matera,2005,1767
ITF52,Matera,2006,1771
ITF52,Matera,2007,1758
ITF52,Matera,2008,1796
ITF52,Matera,2009,1654
ITF52,Matera,2010,1673
ITF52,Matera,2011,1645
ITF52,Matera,2012,1581
ITF52,Matera,2013,1523
ITF52,Matera,2014,1511
ITF52,Matera,2015,1462
ITF52,Matera,2016,1496
ITF52,Matera,2017,1422
ITF52,Matera,2018,1383
ITF52,Matera,2019,1335
ITF52,Matera,2020,1265
ITF52,Matera,2021,1266
ITF52,Matera,2022,1151
ITF62,Crotone,1999,1870
ITF62,Crotone,2000,1921
ITF62,Crotone,2001,1805
ITF62,Crotone,2002,1744
ITF62,Crotone,2003,1868
ITF62,Crotone,2004,1920
ITF62,Crotone,2005,1823
ITF62,Crotone,2006,1791
ITF62,Crotone,2007,1697
ITF62,Crotone,2008,1775
ITF62,Crotone,2009,1757
ITF62,Crotone,2010,1811
ITF62,Crotone,2011,1629
ITF62,Crotone,2012,1673
ITF62,Crotone,2013,1615
ITF62,Crotone,2014,1541
ITF62,Crotone,2015,1556
ITF62,Crotone,2016,1530
ITF62,Crotone,2017,1492
ITF62,Crotone,2018,1474
ITF62,Crotone,2019,1413
ITF62,Crotone,2020,1343
ITF62,Crotone,2021,1272
ITF62,Crotone,2022,1352
ITF63,Catanzaro,1999,3548
ITF63,Catanzaro,2000,3553
ITF63,Catanzaro,2001,3499
ITF63,Catanzaro,2002,3313
ITF63,Catanzaro,2003,3357
ITF63,Catanzaro,2004,3315
ITF63,Catanzaro,2005,3150
ITF63,Catanzaro,2006,3236
ITF63,Catanzaro,2007,3207
ITF63,Catanzaro,2008,3163
ITF63,Catanzaro,2009,3115
ITF63,Catanzaro,2010,3154
ITF63,Catanzaro,2011,3115
ITF63,Catanzaro,2012,3172
ITF63,Catanzaro,2013,2984
ITF63,Catanzaro,2014,3038
ITF63,Catanzaro,2015,2972
ITF63,Catanzaro,2016,3041
ITF63,Catanzaro,2017,2852
ITF63,Catanzaro,2018,2683
ITF63,Catanzaro,2019,2584
ITF63,Catanzaro,2020,2504
ITF63,Catanzaro,2021,2432
ITF63,Catanzaro,2022,2399
ITF5,Basilicata,1999,5645
ITF5,Basilicata,2000,5662
ITF5,Basilicata,2001,5439
ITF5,Basilicata,2002,5472
ITF5,Basilicata,2003,5265
ITF5,Basilicata,2004,5297
ITF5,Basilicata,2005,4908
ITF5,Basilicata,2006,4958
ITF5,Basilicata,2007,4873
ITF5,Basilicata,2008,4923
ITF5,Basilicata,2009,4729
ITF5,Basilicata,2010,4612
ITF5,Basilicata,2011,4483
ITF5,Basilicata,2012,4480
ITF5,Basilicata,2013,4101
ITF5,Basilicata,2014,4123
ITF5,Basilicata,2015,4122
ITF5,Basilicata,2016,4017
ITF5,Basilicata,2017,4007
ITF5,Basilicata,2018,3717
ITF5,Basilicata,2019,3672
ITF5,Basilicata,2020,3523
ITF5,Basilicata,2021,3330
ITF5,Basilicata,2022,3221
ITF6,Calabria,1999,19612
ITF6,Calabria,2000,19421
ITF6,Calabria,2001,18774
ITF6,Calabria,2002,18451
ITF6,Calabria,2003,18809
ITF6,Calabria,2004,18712
ITF6,Calabria,2005,18228
ITF6,Calabria,2006,18328
ITF6,Calabria,2007,18107
ITF6,Calabria,2008,17995
ITF6,Calabria,2009,18013
ITF6,Calabria,2010,17801
ITF6,Calabria,2011,17219
ITF6,Calabria,2012,17030
ITF6,Calabria,2013,16696
ITF6,Calabria,2014,16490
ITF6,Calabria,2015,16376
ITF6,Calabria,2016,16036
ITF6,Calabria,2017,15679
ITF6,Calabria,2018,15177
ITF6,Calabria,2019,14491
ITF6,Calabria,2020,13966
ITF6,Calabria,2021,13219
ITF6,Calabria,2022,13451
ITG,Isole,1999,68479
ITG,Isole,2000,67017
ITG,Isole,2001,65322
ITG,Isole,2002,64389
ITG,Isole,2003,65470
ITG,Isole,2004,64852
ITG,Isole,2005,64017
ITG,Isole,2006,63196
ITG,Isole,2007,62569
ITG,Isole,2008,63307
ITG,Isole,2009,62725
ITG,Isole,2010,61621
ITG,Isole,2011,60162
ITG,Isole,2012,58758
ITG,Isole,2013,56366
ITG,Isole,2014,56349
ITG,Isole,2015,54389
ITG,Isole,2016,52168
ITG,Isole,2017,51621
ITG,Isole,2018,50087
ITG,Isole,2019,47474
ITG,Isole,2020,45782
ITG,Isole,2021,45467
ITG,Isole,2022,44513
ITF64,Vibo Valentia,1999,1778
ITF64,Vibo Valentia,2000,1745
ITF64,Vibo Valentia,2001,1749
ITF64,Vibo Valentia,2002,1622
ITF64,Vibo Valentia,2003,1669
ITF64,Vibo Valentia,2004,1617
ITF64,Vibo Valentia,2005,1654
ITF64,Vibo Valentia,2006,1594
ITF64,Vibo Valentia,2007,1590
ITF64,Vibo Valentia,2008,1586
ITF64,Vibo Valentia,2009,1485
ITF64,Vibo Valentia,2010,1546
ITF64,Vibo Valentia,2011,1395
ITF64,Vibo Valentia,2012,1458
ITF64,Vibo Valentia,2013,1307
ITF64,Vibo Valentia,2014,1363
ITF64,Vibo Valentia,2015,1288
ITF64,Vibo Valentia,2016,1260
ITF64,Vibo Valentia,2017,1236
ITF64,Vibo Valentia,2018,1227
ITF64,Vibo Valentia,2019,1167
ITF64,Vibo Valentia,2020,1167
ITF64,Vibo Valentia,2021,1082
ITF64,Vibo Valentia,2022,1106
ITFG,Mezzogiorno,1999,218393
ITFG,Mezzogiorno,2000,215481
ITFG,Mezzogiorno,2001,211393
ITFG,Mezzogiorno,2002,206705
ITFG,Mezzogiorno,2003,208064
ITFG,Mezzogiorno,2004,208182
ITFG,Mezzogiorno,2005,202194
ITFG,Mezzogiorno,2006,200073
ITFG,Mezzogiorno,2007,199508
ITFG,Mezzogiorno,2008,199501
ITFG,Mezzogiorno,2009,196870
ITFG,Mezzogiorno,2010,193662
ITFG,Mezzogiorno,2011,188104
ITFG,Mezzogiorno,2012,183479
ITFG,Mezzogiorno,2013,176687
ITFG,Mezzogiorno,2014,174143
ITFG,Mezzogiorno,2015,169888
ITFG,Mezzogiorno,2016,165899
ITFG,Mezzogiorno,2017,162930
ITFG,Mezzogiorno,2018,156800
ITFG,Mezzogiorno,2019,150381
ITFG,Mezzogiorno,2020,144754
ITFG,Mezzogiorno,2021,141775
ITFG,Mezzogiorno,2022,141661
ITG1,Sicilia,1999,54879
ITG1,Sicilia,2000,53152
ITG1,Sicilia,2001,51890
ITG1,Sicilia,2002,51234
ITG1,Sicilia,2003,51899
ITG1,Sicilia,2004,51728
ITG1,Sicilia,2005,50791
ITG1,Sicilia,2006,49940
ITG1,Sicilia,2007,49186
ITG1,Sicilia,2008,49837
ITG1,Sicilia,2009,49217
ITG1,Sicilia,2010,48083
ITG1,Sicilia,2011,47130
ITG1,Sicilia,2012,46314
ITG1,Sicilia,2013,44494
ITG1,Sicilia,2014,44876
ITG1,Sicilia,2015,43307
ITG1,Sicilia,2016,41641
ITG1,Sicilia,2017,41479
ITG1,Sicilia,2018,40649
ITG1,Sicilia,2019,38616
ITG1,Sicilia,2020,37520
ITG1,Sicilia,2021,37235
ITG1,Sicilia,2022,36810
ITF65,Reggio di Calabria,1999,5793
ITF65,Reggio di Calabria,2000,5642
ITF65,Reggio di Calabria,2001,5353
ITF65,Reggio di Calabria,2002,5343
ITF65,Reggio di Calabria,2003,5472
ITF65,Reggio di Calabria,2004,5498
ITF65,Reggio di Calabria,2005,5418
ITF65,Reggio di Calabria,2006,5419
ITF65,Reggio di Calabria,2007,5489
ITF65,Reggio di Calabria,2008,5350
ITF65,Reggio di Calabria,2009,5342
ITF65,Reggio di Calabria,2010,5379
ITF65,Reggio di Calabria,2011,5060
ITF65,Reggio di Calabria,2012,4964
ITF65,Reggio di Calabria,2013,4972
ITF65,Reggio di Calabria,2014,4877
ITF65,Reggio di Calabria,2015,4836
ITF65,Reggio di Calabria,2016,4583
ITF65,Reggio di Calabria,2017,4668
ITF65,Reggio di Calabria,2018,4533
ITF65,Reggio di Calabria,2019,4298
ITF65,Reggio di Calabria,2020,4127
ITF65,Reggio di Calabria,2021,3825
ITF65,Reggio di Calabria,2022,3949
ITG11,Trapani,1999,4547
ITG11,Trapani,2000,4408
ITG11,Trapani,2001,4293
ITG11,Trapani,2002,4287
ITG11,Trapani,2003,4245
ITG11,Trapani,2004,4289
ITG11,Trapani,2005,4086
ITG11,Trapani,2006,3992
ITG11,Trapani,2007,3917
ITG11,Trapani,2008,3887
ITG11,Trapani,2009,3895
ITG11,Trapani,2010,3722
ITG11,Trapani,2011,3623
ITG11,Trapani,2012,3575
ITG11,Trapani,2013,3444
ITG11,Trapani,2014,3438
ITG11,Trapani,2015,3361
ITG11,Trapani,2016,3355
ITG11,Trapani,2017,3284
ITG11,Trapani,2018,3280
ITG11,Trapani,2019,3142
ITG11,Trapani,2020,3091
ITG11,Trapani,2021,3051
ITG11,Trapani,2022,3028
ITG13,Messina,1999,5953
ITG13,Messina,2000,5948
ITG13,Messina,2001,5678
ITG13,Messina,2002,5645
ITG13,Messina,2003,5757
ITG13,Messina,2004,5583
ITG13,Messina,2005,5426
ITG13,Messina,2006,5656
ITG13,Messina,2007,5672
ITG13,Messina,2008,5689
ITG13,Messina,2009,5527
ITG13,Messina,2010,5604
ITG13,Messina,2011,5349
ITG13,Messina,2012,5323
ITG13,Messina,2013,5090
ITG13,Messina,2014,5108
ITG13,Messina,2015,4802
ITG13,Messina,2016,4616
ITG13,Messina,2017,4711
ITG13,Messina,2018,4544
ITG13,Messina,2019,4241
ITG13,Messina,2020,4121
ITG13,Messina,2021,4137
ITG13,Messina,2022,3933
ITG16,Enna,1999,1929
ITG16,Enna,2000,1852
ITG16,Enna,2001,1814
ITG16,Enna,2002,1746
ITG16,Enna,2003,1648
ITG16,Enna,2004,1606
ITG16,Enna,2005,1662
ITG16,Enna,2006,1627
ITG16,Enna,2007,1573
ITG16,Enna,2008,1594
ITG16,Enna,2009,1555
ITG16,Enna,2010,1493
ITG16,Enna,2011,1478
ITG16,Enna,2012,1333
ITG16,Enna,2013,1259
ITG16,Enna,2014,1267
ITG16,Enna,2015,1284
ITG16,Enna,2016,1206
ITG16,Enna,2017,1215
ITG16,Enna,2018,1159
ITG16,Enna,2019,1072
ITG16,Enna,2020,1011
ITG16,Enna,2021,1042
ITG16,Enna,2022,1020
ITG14,Agrigento,1999,5155
ITG14,Agrigento,2000,4942
ITG14,Agrigento,2001,4803
ITG14,Agrigento,2002,4703
ITG14,Agrigento,2003,4584
ITG14,Agrigento,2004,4683
ITG14,Agrigento,2005,4531
ITG14,Agrigento,2006,4365
ITG14,Agrigento,2007,4326
ITG14,Agrigento,2008,4230
ITG14,Agrigento,2009,4193
ITG14,Agrigento,2010,4112
ITG14,Agrigento,2011,4003
ITG14,Agrigento,2012,3878
ITG14,Agrigento,2013,3592
ITG14,Agrigento,2014,3666
ITG14,Agrigento,2015,3434
ITG14,Agrigento,2016,3356
ITG14,Agrigento,2017,3381
ITG14,Agrigento,2018,3260
ITG14,Agrigento,2019,3060
ITG14,Agrigento,2020,3032
ITG14,Agrigento,2021,2978
ITG14,Agrigento,2022,3099
ITG17,Catania,1999,12225
ITG17,Catania,2000,12099
ITG17,Catania,2001,11653
ITG17,Catania,2002,11547
ITG17,Catania,2003,11840
ITG17,Catania,2004,11815
ITG17,Catania,2005,11610
ITG17,Catania,2006,11357
ITG17,Catania,2007,11275
ITG17,Catania,2008,11525
ITG17,Catania,2009,11157
ITG17,Catania,2010,10916
ITG17,Catania,2011,11193
ITG17,Catania,2012,10679
ITG17,Catania,2013,10615
ITG17,Catania,2014,10829
ITG17,Catania,2015,10477
ITG17,Catania,2016,9955
ITG17,Catania,2017,9955
ITG17,Catania,2018,9810
ITG17,Catania,2019,9281
ITG17,Catania,2020,8993
ITG17,Catania,2021,8918
ITG17,Catania,2022,8838
ITG18,Ragusa,1999,3252
ITG18,Ragusa,2000,3178
ITG18,Ragusa,2001,3139
ITG18,Ragusa,2002,3088
ITG18,Ragusa,2003,3174
ITG18,Ragusa,2004,3089
ITG18,Ragusa,2005,3058
ITG18,Ragusa,2006,3115
ITG18,Ragusa,2007,3116
ITG18,Ragusa,2008,3135
ITG18,Ragusa,2009,3253
ITG18,Ragusa,2010,3083
ITG18,Ragusa,2011,3043
ITG18,Ragusa,2012,3042
ITG18,Ragusa,2013,2863
ITG18,Ragusa,2014,2853
ITG18,Ragusa,2015,2780
ITG18,Ragusa,2016,2782
ITG18,Ragusa,2017,2864
ITG18,Ragusa,2018,2725
ITG18,Ragusa,2019,2618
ITG18,Ragusa,2020,2587
ITG18,Ragusa,2021,2681
ITG18,Ragusa,2022,2633
ITG12,Palermo,1999,14556
ITG12,Palermo,2000,13731
ITG12,Palermo,2001,13535
ITG12,Palermo,2002,13354
ITG12,Palermo,2003,13554
ITG12,Palermo,2004,13558
ITG12,Palermo,2005,13513
ITG12,Palermo,2006,13071
ITG12,Palermo,2007,12924
ITG12,Palermo,2008,13140
ITG12,Palermo,2009,13141
ITG12,Palermo,2010,12751
ITG12,Palermo,2011,12283
ITG12,Palermo,2012,12295
ITG12,Palermo,2013,11831
ITG12,Palermo,2014,11860
ITG12,Palermo,2015,11558
ITG12,Palermo,2016,10888
ITG12,Palermo,2017,10900
ITG12,Palermo,2018,10724
ITG12,Palermo,2019,10396
ITG12,Palermo,2020,9972
ITG12,Palermo,2021,9692
ITG12,Palermo,2022,9697
ITG15,Caltanissetta,1999,3297
ITG15,Caltanissetta,2000,3072
ITG15,Caltanissetta,2001,3129
ITG15,Caltanissetta,2002,2982
ITG15,Caltanissetta,2003,3058
ITG15,Caltanissetta,2004,3128
ITG15,Caltanissetta,2005,3072
ITG15,Caltanissetta,2006,2912
ITG15,Caltanissetta,2007,2667
ITG15,Caltanissetta,2008,2768
ITG15,Caltanissetta,2009,2650
ITG15,Caltanissetta,2010,2600
ITG15,Caltanissetta,2011,2440
ITG15,Caltanissetta,2012,2569
ITG15,Caltanissetta,2013,2286
ITG15,Caltanissetta,2014,2339
ITG15,Caltanissetta,2015,2282
ITG15,Caltanissetta,2016,2207
ITG15,Caltanissetta,2017,2018
ITG15,Caltanissetta,2018,2013
ITG15,Caltanissetta,2019,1818
ITG15,Caltanissetta,2020,1823
ITG15,Caltanissetta,2021,1801
ITG15,Caltanissetta,2022,1761
ITG2,Sardegna,1999,13600
ITG2,Sardegna,2000,13865
ITG2,Sardegna,2001,13432
ITG2,Sardegna,2002,13155
ITG2,Sardegna,2003,13571
ITG2,Sardegna,2004,13124
ITG2,Sardegna,2005,13226
ITG2,Sardegna,2006,13256
ITG2,Sardegna,2007,13383
ITG2,Sardegna,2008,13470
ITG2,Sardegna,2009,13508
ITG2,Sardegna,2010,13538
ITG2,Sardegna,2011,13032
ITG2,Sardegna,2012,12444
ITG2,Sardegna,2013,11872
ITG2,Sardegna,2014,11473
ITG2,Sardegna,2015,11082
ITG2,Sardegna,2016,10527
ITG2,Sardegna,2017,10142
ITG2,Sardegna,2018,9438
ITG2,Sardegna,2019,8858
ITG2,Sardegna,2020,8262
ITG2,Sardegna,2021,8232
ITG2,Sardegna,2022,7703
ITG25,Sassari,1999,3997
ITG25,Sassari,2000,4029
ITG25,Sassari,2001,3902
ITG25,Sassari,2002,4005
ITG25,Sassari,2003,4153
ITG25,Sassari,2004,3997
ITG25,Sassari,2005,4054
ITG25,Sassari,2006,4001
ITG25,Sassari,2007,4212
ITG25,Sassari,2008,4247
ITG25,Sassari,2009,4177
ITG25,Sassari,2010,4316
ITG25,Sassari,2011,4072
ITG25,Sassari,2012,3911
ITG25,Sassari,2013,3648
ITG25,Sassari,2014,3586
ITG25,Sassari,2015,3454
ITG25,Sassari,2016,3319
ITG25,Sassari,2017,3258
ITG25,Sassari,2018,3023
ITG25,Sassari,2019,2853
ITG25,Sassari,2020,2582
ITG25,Sassari,2021,2594
ITG25,Sassari,2022,2502
ITG28,Oristano,1999,1214
ITG28,Oristano,2000,1207
ITG28,Oristano,2001,1141
ITG28,Oristano,2002,1230
ITG28,Oristano,2003,1254
ITG28,Oristano,2004,1190
ITG28,Oristano,2005,1183
ITG28,Oristano,2006,1166
ITG28,Oristano,2007,1171
ITG28,Oristano,2008,1160
ITG28,Oristano,2009,1135
ITG28,Oristano,2010,1176
ITG28,Oristano,2011,1108
ITG28,Oristano,2012,969
ITG28,Oristano,2013,1043
ITG28,Oristano,2014,978
ITG28,Oristano,2015,937
ITG28,Oristano,2016,920
ITG28,Oristano,2017,930
ITG28,Oristano,2018,819
ITG28,Oristano,2019,758
ITG28,Oristano,2020,709
ITG28,Oristano,2021,746
ITG28,Oristano,2022,668
ITG19,Siracusa,1999,3965
ITG19,Siracusa,2000,3922
ITG19,Siracusa,2001,3846
ITG19,Siracusa,2002,3882
ITG19,Siracusa,2003,4039
ITG19,Siracusa,2004,3977
ITG19,Siracusa,2005,3833
ITG19,Siracusa,2006,3845
ITG19,Siracusa,2007,3716
ITG19,Siracusa,2008,3869
ITG19,Siracusa,2009,3846
ITG19,Siracusa,2010,3802
ITG19,Siracusa,2011,3718
ITG19,Siracusa,2012,3620
ITG19,Siracusa,2013,3514
ITG19,Siracusa,2014,3516
ITG19,Siracusa,2015,3329
ITG19,Siracusa,2016,3276
ITG19,Siracusa,2017,3151
ITG19,Siracusa,2018,3134
ITG19,Siracusa,2019,2988
ITG19,Siracusa,2020,2890
ITG19,Siracusa,2021,2935
ITG19,Siracusa,2022,2801
ITG26,Nuoro,1999,2339
ITG26,Nuoro,2000,2349
ITG26,Nuoro,2001,2332
ITG26,Nuoro,2002,1800
ITG26,Nuoro,2003,1892
ITG26,Nuoro,2004,1821
ITG26,Nuoro,2005,1908
ITG26,Nuoro,2006,1847
ITG26,Nuoro,2007,1821
ITG26,Nuoro,2008,1844
ITG26,Nuoro,2009,1800
ITG26,Nuoro,2010,1785
ITG26,Nuoro,2011,1800
ITG26,Nuoro,2012,1643
ITG26,Nuoro,2013,1591
ITG26,Nuoro,2014,1512
ITG26,Nuoro,2015,1421
ITG26,Nuoro,2016,1362
ITG26,Nuoro,2017,1373
ITG26,Nuoro,2018,1285
ITG26,Nuoro,2019,1203
ITG26,Nuoro,2020,1095
ITG26,Nuoro,2021,1108
ITG26,Nuoro,2022,1003
ITG27,Cagliari,1999,6050
ITG27,Cagliari,2000,6280
ITG27,Cagliari,2001,6057
ITG27,Cagliari,2002,3403
ITG27,Cagliari,2003,3702
ITG27,Cagliari,2004,3471
ITG27,Cagliari,2005,3495
ITG27,Cagliari,2006,3613
ITG27,Cagliari,2007,3539
ITG27,Cagliari,2008,3610
ITG27,Cagliari,2009,3722
ITG27,Cagliari,2010,3633
ITG27,Cagliari,2011,3411
ITG27,Cagliari,2012,3466
ITG27,Cagliari,2013,3101
ITG27,Cagliari,2014,3107
ITG27,Cagliari,2015,3031
ITG27,Cagliari,2016,2849
ITG27,Cagliari,2017,2642
ITG27,Cagliari,2018,2389
ITG27,Cagliari,2019,2329
ITG27,Cagliari,2020,2151
ITG27,Cagliari,2021,2140
ITG27,Cagliari,2022,2051